ï»¿Date,Home,Away,HG,AG,H_Max,D_Max,A_Max,H_Avg,D_Avg,A_Avg,HS,AS,HST,AST,HF,AF,HC,AC,HY,AY,HR,AR,HxG,AxG
01/04/2026,Iraq,Bolivia,2,1,3.25,3.1,2.5,3.08,2.89,2.41,6,15,3,6,20,12,2,16,3,2,0,0,0.74,0.61
31/03/2026,Bosnia & Herzegovina,Italy,1,1,8,4.35,1.53,6.86,4.19,1.47,30,9,11,3,18,9,10,4,3,2,0,1,1.91,0.86
31/03/2026,Czech Republic,Denmark,1,1,3.9,3.4,2.1,3.69,3.34,2.03,9,22,4,8,20,11,7,4,1,2,0,0,1.23,1.35
31/03/2026,D.R. Congo,Jamaica,0,0,1.65,3.4,7,1.6,3.26,6.18,19,6,3,1,16,13,5,7,0,2,0,0,1.45,0.3
31/03/2026,Kosovo,Turkey,0,1,3.9,3.6,2,3.76,3.46,1.95,11,12,2,3,12,10,3,2,3,5,0,0,0.88,1.77
31/03/2026,Sweden,Poland,3,2,2.12,3.4,3.7,2.08,3.33,3.51,9,15,5,7,15,15,2,9,2,3,0,0,1.65,1.53
27/03/2026,New Caledonia,Jamaica,0,1,41,15,1.06,27.4,11.83,1.04,5,13,1,4,12,16,2,5,0,0,0,0,0.14,0.99
26/03/2026,Bolivia,Suriname,2,1,2.55,3.15,3.3,2.41,2.96,3,18,14,6,4,13,17,5,5,3,4,0,0,1.98,2.38
26/03/2026,Czech Republic,Ireland,2,2,2,3.5,4.2,1.96,3.35,3.92,12,10,3,3,25,14,6,9,1,2,0,0,1.45,1.28
26/03/2026,Denmark,North Macedonia,4,0,1.2,7,17,1.19,6.63,14.92,20,3,9,0,10,8,11,2,0,2,0,0,2.85,0.15
26/03/2026,Italy,Northern Ireland,2,0,1.26,6.25,16,1.24,5.73,13.39,19,8,8,1,11,8,12,3,1,0,0,0,1.59,0.51
26/03/2026,Poland,Albania,2,1,1.64,3.75,7,1.6,3.64,6.23,15,8,4,2,20,12,6,2,2,3,0,0,0.89,1.11
26/03/2026,Slovakia,Kosovo,3,4,2.45,3.1,3.4,2.37,3.01,3.24,21,9,8,5,14,16,7,3,2,3,0,0,1.75,1.13
26/03/2026,Turkey,Romania,1,0,1.48,5,7.5,1.43,4.74,6.61,16,6,2,0,7,12,9,3,2,1,0,0,1.4,0.47
26/03/2026,Ukraine,Sweden,1,3,3.4,3.3,2.3,3.27,3.24,2.23,10,10,4,4,12,10,9,3,2,1,0,0,0.76,2.38
26/03/2026,Wales,Bosnia & Herzegovina,1,1,1.71,3.9,5.6,1.66,3.76,5.23,19,14,3,5,8,20,9,3,1,4,0,0,1.34,1.1
19/11/2025,Costa Rica,Honduras,0,0,1.54,4.2,6.5,1.49,3.98,5.88,13,16,4,2,16,19,8,6,2,3,1,1,0.58,0.77
19/11/2025,Guatemala,Suriname,3,1,3.5,3.5,2.12,3.32,3.3,2.05,24,9,10,3,9,8,12,2,1,1,0,0,2.96,0.42
19/11/2025,Haiti,Nicaragua,2,0,1.22,7.5,16.5,1.18,6.21,12.53,9,9,4,3,20,13,3,4,4,3,0,0,1.65,0.4
19/11/2025,Jamaica,Curacao,0,0,1.96,3.3,4.33,1.9,3.17,4.02,13,16,1,5,17,19,3,3,4,2,1,0,1.04,0.84
19/11/2025,Panama,El Salvador,3,0,1.14,9,41,1.11,7.73,18.89,21,7,10,2,22,17,4,1,1,2,0,0,3.4,0.52
19/11/2025,Trinidad & Tobago,Bermuda,2,2,1.08,12,31,1.07,9.72,20.89,21,12,8,8,7,7,17,2,0,0,0,0,1.93,1.84
18/11/2025,Austria,Bosnia & Herzegovina,1,1,1.36,5.6,9.5,1.32,5.32,8.42,10,8,3,1,8,9,4,2,1,2,0,0,1.2,0.81
18/11/2025,Belarus,Greece,0,0,9,5.5,1.35,8.32,5.3,1.32,7,13,1,3,13,16,2,6,1,1,0,0,0.71,0.76
18/11/2025,Belgium,Liechtenstein,7,0,1.01,91,126,1,45.69,71.08,23,2,13,1,9,10,15,0,0,1,0,0,3.07,0.04
18/11/2025,Bulgaria,Georgia,2,1,4.6,3.75,1.84,4.38,3.63,1.78,3,17,3,3,7,9,0,4,1,2,0,0,0.71,1.84
18/11/2025,Iraq,United Arab Emirates,2,1,2.5,2.9,3.6,2.38,2.78,3.27,10,13,2,4,8,12,4,3,1,5,0,0,1.45,1.03
18/11/2025,Kosovo,Switzerland,1,1,5,3.5,1.85,4.55,3.41,1.81,11,6,4,3,9,9,3,1,2,0,0,0,0.6,0.92
18/11/2025,Romania,San Marino,7,1,1.03,34,81,1.01,21.53,59.82,25,3,13,1,7,18,6,0,0,4,0,0,4.87,0.24
18/11/2025,Scotland,Denmark,4,2,3.6,3.45,2.12,3.51,3.35,2.07,10,18,5,3,15,12,2,9,1,3,0,1,1.76,2.19
18/11/2025,Spain,Turkey,2,2,1.2,8,16,1.18,7.23,13.69,21,13,9,7,5,8,6,3,1,5,0,0,2.58,1.14
18/11/2025,Sweden,Slovenia,1,1,1.73,3.8,5.75,1.68,3.62,5.24,11,17,2,3,6,11,6,7,2,1,0,0,0.64,2.13
18/11/2025,Wales,North Macedonia,7,1,1.61,4.2,6,1.58,3.91,5.67,17,6,10,2,6,12,9,3,0,3,0,0,3.62,0.63
17/11/2025,Czech Republic,Gibraltar,6,0,1.03,26,76,1.02,19.5,53.12,25,0,10,0,9,9,12,1,0,1,0,0,4.29,0
17/11/2025,Germany,Slovakia,6,0,1.29,6,11,1.27,5.75,9.56,22,6,10,2,11,3,8,3,1,0,0,0,4.02,0.39
17/11/2025,Malta,Poland,2,3,11,5.5,1.36,9.53,5.11,1.31,10,18,8,4,7,6,4,9,2,2,0,0,2.37,1.79
17/11/2025,Montenegro,Croatia,2,3,7.25,4.6,1.51,6.4,4.4,1.47,12,17,5,7,17,16,5,3,3,1,0,0,0.98,2.7
17/11/2025,Netherlands,Lithuania,4,0,1.07,18,51,1.05,13.89,34.56,20,9,8,1,10,10,5,3,0,2,0,0,3.16,0.67
17/11/2025,Northern Ireland,Luxembourg,1,0,1.91,3.25,5.33,1.88,3.1,4.79,9,12,3,3,11,18,5,2,4,7,0,0,1.22,0.78
16/11/2025,Albania,England,0,2,12,5.4,1.34,10.76,4.99,1.3,6,14,3,7,9,10,5,5,1,2,0,0,0.49,1.86
16/11/2025,Azerbaijan,France,1,3,26,9,1.14,20.94,8.39,1.12,2,17,1,4,10,12,1,8,2,0,0,0,0.15,2.7
16/11/2025,Hungary,Ireland,2,3,2.05,3.4,4,2.02,3.21,3.84,18,10,7,5,10,17,8,2,2,4,0,0,1.33,1.72
16/11/2025,Israel,Moldova,4,1,1.41,5,9.5,1.38,4.75,7.72,26,4,9,1,9,12,9,3,2,2,0,1,3.86,0.42
16/11/2025,Italy,Norway,1,4,2.22,3.7,3.33,2.14,3.53,3.19,15,13,4,5,15,8,6,2,3,2,0,0,1.3,1.59
16/11/2025,Nigeria,D.R. Congo,1,1,2.15,3,5,2.03,2.77,4.35,4,12,2,8,17,27,2,6,0,0,0,0,,
16/11/2025,Portugal,Armenia,9,1,1.04,21,67,1.03,16.11,47.28,34,4,15,2,7,10,7,1,0,1,0,0,5.69,0.75
16/11/2025,Serbia,Latvia,2,1,1.16,8.5,27,1.14,7.69,19.22,19,6,7,4,8,17,13,3,0,2,0,0,1.96,1.26
16/11/2025,Ukraine,Iceland,2,0,2,3.6,4,1.95,3.5,3.7,13,10,6,2,12,6,3,10,2,1,0,0,1.53,0.79
15/11/2025,Bosnia & Herzegovina,Romania,3,1,2.6,3.35,2.8,2.53,3.23,2.76,16,9,4,3,15,16,4,1,5,2,0,1,1.79,1.5
15/11/2025,Cyprus,Austria,0,2,11.5,6,1.33,9.56,5.7,1.28,4,12,0,6,13,15,6,3,2,0,0,0,0.36,2.51
15/11/2025,Denmark,Belarus,2,2,1.07,15,46,1.05,12.47,30.89,35,7,10,3,4,15,13,3,0,5,0,0,2.88,0.85
15/11/2025,Georgia,Spain,0,4,13,6.75,1.25,11.49,6.14,1.23,6,14,2,7,9,9,4,6,0,1,0,0,0.28,3.52
15/11/2025,Greece,Scotland,3,2,2.28,3.3,3.45,2.2,3.18,3.35,18,12,10,6,9,14,6,8,2,3,1,0,1.93,2.36
15/11/2025,Kazakhstan,Belgium,1,1,19,8.25,1.17,16.81,7.51,1.15,9,20,3,8,17,5,5,12,4,1,1,0,0.34,2.87
15/11/2025,Liechtenstein,Wales,0,1,81,26,1.03,58.41,17.85,1.02,3,18,0,7,9,5,2,7,2,3,0,0,0.28,2.85
15/11/2025,Slovenia,Kosovo,0,2,2.55,3,3.3,2.43,2.96,3.15,6,15,2,7,11,9,4,7,3,1,1,0,0.3,0.97
15/11/2025,Switzerland,Sweden,4,1,1.54,4.2,6.5,1.51,4.05,6.31,9,6,7,3,13,18,4,3,1,4,0,0,1.71,0.65
15/11/2025,Turkey,Bulgaria,2,0,1.14,12,23,1.11,9.33,19.31,19,9,6,2,11,12,9,6,3,1,0,0,2.56,0.39
14/11/2025,Bermuda,Curacao,0,7,12,6.5,1.28,10.5,5.83,1.21,5,27,1,15,20,8,3,7,5,1,0,0,0.14,3.68
14/11/2025,Croatia,Faroe Islands,3,1,1.1,13,29,1.08,10.61,25.83,20,4,4,4,9,11,11,2,0,2,0,0,2.68,0.45
14/11/2025,Finland,Malta,0,1,1.35,5,11,1.33,4.75,9.71,16,4,8,1,15,9,9,1,0,0,0,0,2.31,0.14
14/11/2025,Gibraltar,Montenegro,1,2,15,5.8,1.26,13.94,5.49,1.24,2,22,1,8,14,14,1,9,2,1,0,0,0.56,3.36
14/11/2025,Guatemala,Panama,2,3,3.7,3.25,2.28,3.41,2.96,2.17,24,9,8,5,11,10,9,2,0,2,0,0,2.87,0.4
14/11/2025,Haiti,Costa Rica,1,0,4.2,3.75,1.94,3.94,3.46,1.82,8,14,3,6,20,12,1,7,2,1,0,0,1.33,1.21
14/11/2025,Luxembourg,Germany,0,2,34,11,1.12,22.42,9.51,1.1,7,14,1,7,11,10,4,4,3,2,0,0,0.8,1.65
14/11/2025,Nicaragua,Honduras,2,0,8,4.1,1.5,6.93,3.83,1.45,11,15,3,5,11,8,5,10,1,2,0,0,0.91,0.95
14/11/2025,Poland,Netherlands,1,1,5,3.75,1.82,4.52,3.57,1.77,12,8,5,3,10,14,2,3,2,1,0,0,1.58,0.81
14/11/2025,Slovakia,Northern Ireland,1,0,2.25,3.05,4.1,2.14,2.95,3.85,16,9,2,2,14,20,3,2,1,4,0,1,1.17,0.37
14/11/2025,Trinidad & Tobago,Jamaica,1,1,3.4,3.4,2.2,3.21,3.27,2.1,17,6,6,1,10,13,3,4,0,4,0,0,1.48,0.46
13/11/2025,Andorra,Albania,0,1,16,5.25,1.3,13.58,4.82,1.27,3,12,0,2,18,7,1,3,3,2,0,0,0.12,1.4
13/11/2025,Armenia,Hungary,0,1,6.5,4.6,1.52,6.09,4.37,1.49,6,14,1,3,18,10,2,7,1,1,0,0,0.71,1.19
13/11/2025,Azerbaijan,Iceland,0,2,6,4.1,1.66,5.51,3.85,1.6,7,17,1,6,17,9,8,4,4,2,0,0,0.33,1.88
13/11/2025,Cameroon,D.R. Congo,0,1,2.15,3.15,4.4,2.08,2.85,3.96,12,8,5,5,18,11,1,4,3,1,0,0,,
13/11/2025,England,Serbia,2,0,1.32,6,13,1.28,5.49,10.77,19,7,6,1,13,10,6,5,0,1,0,0,1.2,0.38
13/11/2025,France,Ukraine,4,0,1.16,8,19,1.14,7.55,16.97,25,1,10,0,9,10,7,0,1,2,0,0,3.81,0.04
13/11/2025,Ireland,Portugal,2,0,9.5,4.6,1.42,8.5,4.49,1.38,14,27,3,5,5,6,5,9,3,2,0,1,2.02,1.61
13/11/2025,Moldova,Italy,0,2,26,12,1.13,21.75,9.4,1.1,3,28,1,9,13,8,1,13,3,0,0,0,0.41,2.59
13/11/2025,Nigeria,Gabon,1,1,1.77,3.5,6.66,1.66,3.31,5.57,17,4,12,3,20,18,7,8,4,3,0,0,,
13/11/2025,Norway,Estonia,4,1,1.03,26,76,1.02,19.75,52.19,18,6,7,3,9,17,8,0,0,0,0,0,2.03,0.71
13/11/2025,Suriname,El Salvador,4,0,1.7,3.6,6.25,1.61,3.4,5.61,13,10,4,3,15,25,2,3,1,3,0,0,3.05,0.62
13/11/2025,United Arab Emirates,Iraq,1,1,2.38,2.75,4,2.26,2.67,3.78,19,10,4,5,9,11,9,7,0,1,0,0,1.33,0.58
15/10/2025,Curacao,Trinidad & Tobago,1,1,1.62,4,7,1.52,3.75,6.01,9,16,1,6,15,11,4,7,3,1,0,0,0.83,1.86
15/10/2025,El Salvador,Guatemala,0,1,3,3.1,2.6,2.92,2.89,2.47,6,4,1,2,17,17,3,0,1,2,0,0,0.29,0.19
15/10/2025,Jamaica,Bermuda,4,0,1.06,17,46,1.04,12.09,32.44,26,5,12,2,6,10,9,2,0,3,0,0,3.74,0.48
15/10/2025,Panama,Suriname,1,1,1.53,4.4,8.5,1.45,4,6.65,28,8,8,4,14,11,7,3,0,1,0,0,3.07,1.53
14/10/2025,Algeria,Uganda,2,1,1.5,4.25,7.25,1.45,3.98,6.71,8,7,5,3,17,16,7,0,1,2,0,0,,
14/10/2025,Andorra,Serbia,1,3,26,7.25,1.18,18.76,6.69,1.17,4,21,2,4,11,13,0,10,4,1,0,0,0.41,2.27
14/10/2025,Costa Rica,Nicaragua,4,1,1.15,9.5,26,1.12,7.47,18.82,21,7,10,2,17,11,7,3,2,2,0,0,2.5,0.21
14/10/2025,D.R. Congo,Sudan,1,0,1.36,5.5,12,1.3,4.83,9.47,9,3,3,0,,,7,2,2,2,0,0,,
14/10/2025,Estonia,Moldova,1,1,2.2,3.25,3.8,2.14,3.14,3.55,17,16,4,4,15,11,3,4,2,3,0,0,0.87,0.85
14/10/2025,Gabon,Burundi,2,0,1.36,5.5,13,1.29,4.74,10.56,14,2,7,0,,,6,4,1,1,0,0,,
14/10/2025,Guinea,Botswana,2,2,1.72,3.5,5.75,1.67,3.38,5.21,9,9,3,6,,,5,4,2,2,0,0,,
14/10/2025,Honduras,Haiti,3,0,2.2,3.2,3.75,2.09,3,3.58,18,12,8,3,18,16,7,2,3,1,0,0,1.85,0.42
14/10/2025,Ireland,Armenia,1,0,1.57,4.35,6,1.54,4.18,5.72,17,4,6,1,12,6,6,0,4,0,0,1,2.47,0.23
14/10/2025,Italy,Israel,3,0,1.2,8,15,1.17,7.38,13.79,16,8,6,2,12,10,4,3,2,1,0,0,2.11,0.78
14/10/2025,Ivory Coast,Kenya,3,0,1.14,9,34,1.11,7.46,24.24,14,1,8,0,,,2,2,0,1,0,0,,
14/10/2025,Latvia,England,0,5,56,15,1.05,42.65,13.76,1.04,6,24,1,7,11,5,2,9,4,1,0,0,0.41,2.4
14/10/2025,Morocco,Congo,1,0,1.05,17,61,1.03,12.81,41,8,1,4,0,9,18,10,0,1,3,0,0,,
14/10/2025,Nigeria,Benin,4,0,1.42,4.5,8.5,1.39,4.34,7.37,8,5,5,2,,,4,4,1,6,0,0,,
14/10/2025,Portugal,Hungary,2,2,1.23,7,14,1.21,6.53,12.15,20,17,8,7,7,12,5,4,2,2,0,0,2.5,1.88
14/10/2025,Qatar,United Arab Emirates,2,1,2.9,3.25,2.7,2.68,3.13,2.56,7,15,3,4,7,13,1,2,2,3,1,0,0.54,0.89
14/10/2025,Saudi Arabia,Iraq,0,0,1.57,4,7,1.54,3.67,6.26,15,4,4,1,13,13,0,1,4,2,0,0,0.69,0.27
14/10/2025,Senegal,Mauritania,4,0,1.14,8.5,29,1.12,7.15,20.88,14,8,12,4,,,2,3,1,1,0,0,,
14/10/2025,Seychelles,Gambia,0,7,41,15,1.06,30.53,11.59,1.04,4,18,1,15,,,0,6,2,2,0,0,,
14/10/2025,Somalia,Mozambique,0,1,12,5,1.38,8.76,4.43,1.33,2,6,0,2,12,11,4,7,1,1,0,0,,
14/10/2025,South Africa,Rwanda,3,0,1.22,6,21,1.19,5.66,15.56,12,2,6,0,11,19,7,4,3,4,0,0,,
14/10/2025,Spain,Bulgaria,4,0,1.02,30,81,1.02,22.07,60.47,33,3,11,0,7,6,11,0,0,0,0,0,3.96,0.38
14/10/2025,Turkey,Georgia,4,1,1.65,4.5,5.8,1.57,4.33,5.15,10,12,6,3,14,16,7,6,1,1,0,0,1.95,1.06
13/10/2025,Cameroon,Angola,0,0,1.3,5.25,13,1.27,4.82,11.44,10,8,6,3,12,20,5,4,2,3,0,0,,
13/10/2025,Cape Verde,Eswatini,3,0,1.15,9,34,1.12,7.05,20.18,12,3,6,0,7,3,7,1,2,3,0,0,,
13/10/2025,Equatorial Guinea,Liberia,1,1,3.5,3,2.6,3.15,2.87,2.38,7,3,2,1,,,2,5,3,4,0,0,,
13/10/2025,Iceland,France,2,2,12,6,1.33,9.87,5.49,1.29,4,20,2,9,16,12,0,9,1,1,0,0,1.11,1.97
13/10/2025,Lesotho,Zimbabwe,1,0,3.95,2.9,2.38,3.61,2.77,2.23,13,13,7,8,11,8,6,8,2,3,0,0,,
13/10/2025,Mauritius,Libya,0,0,7,3.5,1.67,6.27,3.25,1.62,1,6,0,1,,,3,4,0,2,0,0,,
13/10/2025,North Macedonia,Kazakhstan,1,1,1.38,5,12,1.34,4.57,10.12,20,15,6,4,11,17,7,2,1,5,0,0,1.84,1.37
13/10/2025,Northern Ireland,Germany,0,1,9.5,5.4,1.4,8.38,4.9,1.36,12,11,3,2,18,14,4,5,4,2,0,0,0.6,1.12
13/10/2025,Sao Tome and Principe,Malawi,1,0,23,7.5,1.16,17.38,6.66,1.14,3,7,2,3,,,0,8,1,1,0,0,,
13/10/2025,Slovakia,Luxembourg,2,0,1.42,4.9,9.5,1.38,4.57,8.34,13,7,3,2,19,16,5,4,1,4,0,0,0.97,0.77
13/10/2025,Slovenia,Switzerland,0,0,5.3,3.5,1.83,4.84,3.41,1.78,4,11,0,3,10,5,3,4,1,0,0,0,0.41,0.63
13/10/2025,South Sudan,Togo,0,0,6,3.4,1.8,5.08,3.19,1.73,9,11,3,8,,,2,4,2,0,0,0,,
13/10/2025,Sweden,Kosovo,0,1,1.35,6,9.5,1.31,5.52,8.41,13,7,4,3,16,10,12,0,0,2,0,0,1.14,1.15
13/10/2025,Tunisia,Namibia,3,0,1.4,4.33,11,1.37,4.12,8.9,10,12,4,5,,,5,6,1,4,0,0,,
13/10/2025,Ukraine,Azerbaijan,2,1,1.21,7,19,1.18,6.51,15.91,22,8,7,2,12,7,7,1,3,1,0,0,2.73,1.1
13/10/2025,Wales,Belgium,2,4,5,4,1.73,4.89,3.77,1.69,9,16,3,6,10,6,6,5,2,1,0,0,0.86,3.09
12/10/2025,Burkina Faso,Ethiopia,3,1,1.18,8,21,1.15,6.51,16.71,20,4,10,2,,,3,1,1,3,0,0,,
12/10/2025,Chad,Central Africa,2,3,2.33,3.1,3.75,2.23,2.95,3.36,12,12,4,7,,,10,6,4,7,0,0,,
12/10/2025,Croatia,Gibraltar,3,0,1.01,91,226,1,47.6,120.4,28,1,10,0,7,7,18,0,0,0,0,0,3.7,0.05
12/10/2025,Denmark,Greece,3,1,1.76,3.8,5.8,1.68,3.61,5.31,12,15,8,4,12,14,7,6,1,3,0,0,1.23,1.74
12/10/2025,Djibouti,Sierra Leone,1,2,17,6.5,1.23,14.03,5.83,1.2,,,,,,,,,,,,,,
12/10/2025,Egypt,Guinea Bissau,1,0,1.27,5.5,15,1.22,5.24,13.06,7,6,3,2,14,13,5,6,2,2,0,0,,
12/10/2025,Faroe Islands,Czech Republic,2,1,7.5,4.65,1.49,6.96,4.51,1.44,6,14,3,1,10,13,1,7,3,1,0,0,0.68,1.67
12/10/2025,Ghana,Comoros,1,0,1.36,4.8,11,1.31,4.59,9.94,2,4,2,1,15,5,5,2,2,0,0,0,,
12/10/2025,Lithuania,Poland,0,2,11,5.5,1.36,9.85,4.99,1.31,7,12,1,6,21,13,4,8,2,2,0,0,0.2,1.11
12/10/2025,Mali,Madagascar,4,1,2.02,3.5,4.1,1.95,3.21,3.82,12,5,6,3,,,3,6,3,0,0,0,,
12/10/2025,Netherlands,Finland,4,0,1.13,10,29,1.11,9.28,20.88,17,7,6,3,8,13,12,1,0,2,0,0,2.51,0.64
12/10/2025,Romania,Austria,1,0,5.25,4,1.7,4.94,3.87,1.67,10,3,2,1,10,17,2,4,2,4,0,0,0.45,0.16
12/10/2025,San Marino,Cyprus,0,4,19,7.5,1.19,16.65,6.88,1.16,5,18,0,7,15,13,2,5,2,3,0,0,1.04,3.49
12/10/2025,Scotland,Belarus,2,1,1.14,9.5,26,1.12,8.53,21.41,12,22,6,3,10,14,7,6,0,2,0,0,1.23,1.28
12/10/2025,Zambia,Niger,0,1,2.35,3.05,4.2,2.17,2.9,3.62,16,8,3,5,9,7,9,4,0,3,0,0,,
11/10/2025,Bulgaria,Turkey,1,6,11,5.5,1.33,9.88,5.31,1.3,4,18,2,8,11,4,5,8,2,1,0,0,0.4,1.77
11/10/2025,Curacao,Jamaica,2,0,3.4,3.15,2.38,3.22,2.99,2.24,7,18,4,7,10,7,0,4,0,1,0,0,0.42,1.3
11/10/2025,El Salvador,Panama,0,1,6,3.5,1.75,5.32,3.37,1.66,10,7,1,2,21,14,3,5,3,0,0,0,1.29,1.09
11/10/2025,Estonia,Italy,1,3,41,15,1.08,30.71,11.88,1.06,2,24,1,9,22,9,0,8,4,3,0,0,0.97,2.31
11/10/2025,Hungary,Armenia,2,0,1.36,5.66,10,1.32,5.23,8.96,13,8,4,2,9,10,10,1,0,1,0,0,1.73,0.46
11/10/2025,Iraq,Indonesia,1,0,1.83,3.8,4.5,1.75,3.61,4.23,7,9,2,1,6,18,3,4,2,6,1,2,0.27,0.69
11/10/2025,Latvia,Andorra,2,2,1.65,3.55,7.5,1.6,3.39,6.98,9,5,2,2,7,13,5,1,1,3,0,1,1.22,0.55
11/10/2025,Norway,Israel,5,0,1.25,7.5,12,1.22,6.86,10.65,16,4,5,1,10,11,5,1,0,1,0,0,2.26,0.15
11/10/2025,Portugal,Ireland,1,0,1.15,9,26,1.13,8.12,20.71,30,2,6,0,6,9,9,0,2,5,0,0,2.97,0.08
11/10/2025,Serbia,Albania,0,1,1.85,3.4,5.7,1.82,3.28,4.85,15,6,6,3,19,14,4,2,2,3,0,0,1.56,0.69
11/10/2025,Spain,Georgia,2,0,1.17,8.5,19,1.15,8.11,15.47,24,1,7,1,12,8,10,0,1,0,0,0,3.83,0.01
11/10/2025,United Arab Emirates,Oman,2,1,1.6,19,401,1.52,4.35,29.82,10,9,4,2,12,12,6,4,1,3,0,0,0.93,0.84
10/10/2025,Belgium,North Macedonia,0,0,1.2,8,19,1.16,7.43,16.24,25,3,5,0,15,8,13,2,3,2,0,0,3.2,0.06
10/10/2025,Bermuda,Trinidad & Tobago,0,3,4.5,4.33,1.73,4.24,3.96,1.66,10,22,4,8,12,14,3,3,1,1,0,0,0.91,2.99
10/10/2025,France,Azerbaijan,3,0,1.01,46,181,1.01,29.55,86.55,33,1,9,0,8,14,10,0,1,2,0,0,2.4,0.04
10/10/2025,Gambia,Gabon,3,4,3.6,3.25,2.2,3.49,3.14,2.09,11,7,4,5,,,6,4,3,5,0,1,,
10/10/2025,Germany,Luxembourg,4,0,1.05,20,67,1.03,15.88,53.31,31,1,8,1,10,5,7,0,0,1,0,1,3.86,0.01
10/10/2025,Honduras,Costa Rica,0,0,3.2,3.15,2.45,2.97,3.04,2.36,11,5,1,1,17,16,2,0,2,3,0,0,0.48,0.6
10/10/2025,Iceland,Ukraine,3,5,3.33,3.4,2.3,3.15,3.31,2.26,9,8,5,7,11,13,4,2,1,4,0,0,0.98,1
10/10/2025,Kazakhstan,Liechtenstein,4,0,1.09,13,71,1.07,10.5,38.94,25,3,10,2,12,15,9,1,2,2,0,0,3,0.58
10/10/2025,Kosovo,Slovenia,0,0,2.45,3,3.4,2.4,2.97,3.2,5,11,0,2,10,12,2,4,2,2,0,0,0.26,0.77
10/10/2025,Lesotho,Nigeria,1,2,41,16.5,1.05,30.8,12.43,1.04,7,16,2,11,9,12,2,5,0,1,0,0,,
10/10/2025,Nicaragua,Haiti,0,3,3.8,3.6,2,3.61,3.34,1.94,12,10,3,6,11,15,7,7,1,2,0,0,0.61,0.97
10/10/2025,Northern Ireland,Slovakia,2,0,2.5,3,3.5,2.41,2.85,3.31,11,7,4,2,14,12,6,4,2,0,0,0,0.72,0.64
10/10/2025,Rwanda,Benin,0,1,3.35,3,2.66,2.98,2.86,2.5,6,5,2,1,8,10,2,4,0,3,0,0,,
10/10/2025,Sao Tome and Principe,Tunisia,0,6,46,17,1.04,34.53,14.1,1.03,6,16,4,12,13,20,3,7,1,1,0,0,,
10/10/2025,Seychelles,Ivory Coast,0,7,151,67,1.02,65.2,33.2,1.01,4,30,1,17,,,2,16,3,0,0,0,,
10/10/2025,South Sudan,Senegal,0,5,23,9,1.15,17.88,7.66,1.12,0,5,0,5,9,9,0,5,1,0,0,0,,
10/10/2025,Sudan,Mauritania,0,0,2.1,3.14,4.2,2.02,3.02,3.9,8,7,0,2,10,4,5,0,2,2,0,0,,
10/10/2025,Suriname,Guatemala,1,1,2.5,3.1,3.6,2.36,2.94,3.1,14,7,5,2,11,10,6,3,1,1,0,0,0.47,0.3
10/10/2025,Sweden,Switzerland,0,2,2.5,3.6,2.87,2.43,3.43,2.78,7,17,0,8,13,10,4,9,1,1,0,0,0.91,2.14
10/10/2025,Togo,D.R. Congo,0,1,4.75,3.4,1.98,4.09,3.22,1.89,3,4,2,1,8,30,5,2,0,2,0,0,,
10/10/2025,Zimbabwe,South Africa,0,0,29,5,1.25,17.5,4.79,1.22,3,10,2,2,10,14,4,14,4,2,1,1,,
09/10/2025,Austria,San Marino,10,0,1.01,81,151,1,43.27,76.18,25,4,14,1,14,9,4,2,1,3,0,0,5.84,0.46
09/10/2025,Belarus,Denmark,0,6,28,9,1.15,22.76,8.26,1.12,5,24,1,11,10,9,4,7,2,1,0,0,0.32,4.72
09/10/2025,Botswana,Uganda,0,1,3.4,3.1,2.38,3.24,2.96,2.28,7,14,1,7,,,3,5,3,0,0,0,,
09/10/2025,Burundi,Kenya,0,1,2.48,3,3.7,2.35,2.91,3.19,7,6,3,3,7,16,1,3,0,3,1,0,,
09/10/2025,Cyprus,Bosnia & Herzegovina,2,2,4.1,3.5,2.1,3.8,3.38,1.99,14,14,3,6,16,19,3,5,2,4,0,0,2.15,1.5
09/10/2025,Czech Republic,Croatia,0,0,3.33,3.5,2.25,3.2,3.38,2.2,11,10,2,2,17,8,5,6,0,2,0,0,0.63,0.77
09/10/2025,Faroe Islands,Montenegro,4,0,3.1,3.1,2.6,2.97,3.04,2.48,12,10,6,3,9,18,7,2,0,2,0,0,2.57,0.46
09/10/2025,Finland,Lithuania,2,1,1.58,4,7,1.54,3.85,6.43,11,8,7,3,21,13,5,1,2,1,0,0,1.35,0.88
09/10/2025,Liberia,Namibia,3,1,3,2.85,3,2.8,2.77,2.73,4,7,3,1,,,7,5,0,1,0,0,,
09/10/2025,Malta,Netherlands,0,4,46,16,1.07,36.06,13.68,1.05,7,22,0,8,15,6,1,6,5,2,0,0,0.36,3.4
09/10/2025,Mozambique,Guinea,1,2,2.8,3.2,3,2.57,2.95,2.81,8,5,2,5,15,14,5,2,0,2,0,0,,
09/10/2025,Scotland,Greece,3,1,2.88,3.2,2.75,2.75,3.1,2.65,8,15,3,3,12,19,4,4,2,4,0,0,1.3,1.67
09/10/2025,Somalia,Algeria,0,3,67,19,1.03,43.47,15.33,1.02,2,18,1,9,,,3,17,1,1,0,0,,
08/10/2025,Central Africa,Ghana,0,5,15,6.75,1.2,13.09,6.06,1.19,2,18,0,11,10,8,2,9,2,1,0,0,,
08/10/2025,Chad,Mali,0,2,13,5.33,1.3,11.06,4.92,1.27,,,,,,,,,,,,,,
08/10/2025,Comoros,Madagascar,1,2,2.42,3,3.5,2.36,2.84,3.25,7,6,3,3,20,17,8,2,3,3,1,0,,
08/10/2025,Djibouti,Egypt,0,3,81,23,1.03,52.53,16.33,1.02,0,13,0,7,13,20,0,8,2,2,0,0,,
08/10/2025,Eswatini,Angola,2,2,7.5,3.75,1.57,6.74,3.6,1.52,8,11,4,8,14,10,0,8,1,0,0,0,,
08/10/2025,Ethiopia,Guinea Bissau,1,0,6.5,3.4,5.25,5.62,3.2,1.87,7,8,2,2,,,3,4,3,1,0,0,,
08/10/2025,Indonesia,Saudi Arabia,2,3,7,4.2,1.54,6.19,3.92,1.5,10,17,5,10,18,9,3,5,3,3,0,1,2.92,2.95
08/10/2025,Libya,Cape Verde,3,3,4,2.88,2.5,3.46,2.76,2.31,10,9,5,5,,,6,5,2,1,0,0,,
08/10/2025,Mauritius,Cameroon,0,2,29,10,1.11,23.06,8.32,1.09,2,12,2,6,15,14,0,3,2,1,0,0,,
08/10/2025,Niger,Congo,3,1,1.83,3.6,5,1.79,3.29,4.53,14,8,8,3,,,5,4,1,2,0,0,,
08/10/2025,Oman,Qatar,0,0,5,3.13,1.95,4.49,3.01,1.89,6,13,1,2,15,9,2,5,2,2,0,0,0.17,1.32
08/10/2025,Sierra Leone,Burkina Faso,0,1,4.75,3.4,1.95,4.41,3.24,1.82,11,11,7,8,,,10,4,1,3,0,0,,
08/10/2025,Tanzania,Zambia,0,1,2.9,2.9,3,2.7,2.83,2.78,9,6,2,4,16,17,4,6,3,2,0,0,,
10/09/2025,Bolivia,Brazil,1,0,3.7,3.35,2.18,3.57,3.24,2.12,23,10,10,3,18,9,5,4,0,2,0,0,1.84,0.34
10/09/2025,Chile,Uruguay,0,0,4.6,3.55,1.93,4.38,3.25,1.89,16,6,3,3,8,14,8,3,1,1,0,0,1.62,0.22
10/09/2025,Costa Rica,Haiti,3,3,1.45,4.5,7.5,1.43,4.16,6.62,24,11,11,8,13,9,10,4,2,3,0,0,2.06,2.01
10/09/2025,Curacao,Bermuda,3,2,1.21,7.25,14,1.18,6.53,11.31,22,6,10,3,11,16,10,3,2,1,0,0,2.85,1.08
10/09/2025,Ecuador,Argentina,1,0,3.45,2.8,2.8,3.23,2.71,2.63,11,8,4,0,13,10,2,8,4,3,1,1,1.69,0.41
10/09/2025,Honduras,Nicaragua,2,0,1.4,4.75,9,1.36,4.4,7.95,15,9,5,1,11,13,6,3,1,1,0,0,1.35,0.52
10/09/2025,Jamaica,Trinidad & Tobago,2,0,1.42,4.75,8.5,1.36,4.47,7.5,10,13,4,2,7,4,7,6,4,0,0,0,1.14,0.52
10/09/2025,Peru,Paraguay,0,1,2.8,2.9,3.3,2.65,2.73,3.15,12,7,3,5,6,12,6,7,0,1,0,0,0.71,0.42
10/09/2025,Venezuela,Colombia,3,6,2.9,3.3,2.8,2.76,3.07,2.69,11,13,8,9,14,16,3,2,1,0,0,0,1.22,2.14
09/09/2025,Albania,Latvia,1,0,1.36,5,12,1.31,4.87,10.56,13,10,3,2,10,11,2,4,0,3,0,0,1.7,1.27
09/09/2025,Angola,Mauritius,3,1,1.18,7,23,1.15,6.41,18.56,12,5,9,3,17,13,6,1,2,1,0,0,,
09/09/2025,Armenia,Ireland,2,1,4.2,3.6,2.04,3.83,3.42,1.96,15,8,8,5,9,13,1,2,1,1,0,0,2.45,0.8
09/09/2025,Azerbaijan,Ukraine,1,1,9.5,5.2,1.4,8.73,4.72,1.36,4,16,2,5,9,12,1,9,3,3,0,0,1,0.98
09/09/2025,Benin,Lesotho,4,0,1.53,3.9,10,1.46,3.7,8.03,14,7,9,1,15,19,0,2,2,2,0,0,,
09/09/2025,Bosnia & Herzegovina,Austria,1,2,5.5,3.8,1.73,5.04,3.73,1.68,16,11,3,5,16,21,3,2,2,5,0,1,1.92,1.31
09/09/2025,Burkina Faso,Egypt,0,0,3.2,3.15,2.4,3.08,3.01,2.33,3,8,0,2,12,17,3,2,1,1,0,0,,
09/09/2025,Cape Verde,Cameroon,1,0,2.95,2.9,2.88,2.81,2.75,2.75,9,8,4,2,17,11,2,7,2,2,0,0,,
09/09/2025,Cyprus,Romania,2,2,4.9,3.75,1.8,4.63,3.64,1.75,18,8,8,5,7,21,7,1,3,2,0,0,2.13,1.72
09/09/2025,D.R. Congo,Senegal,2,3,3.7,3,2.45,3.42,2.78,2.31,7,11,4,6,12,13,5,7,0,2,0,0,,
09/09/2025,El Salvador,Suriname,1,2,2.38,3.1,3.5,2.26,2.87,3.31,11,10,2,4,15,14,7,4,3,1,0,0,0.88,0.68
09/09/2025,France,Iceland,2,1,1.09,13,31,1.07,11.56,26.31,20,7,8,2,12,13,3,2,3,2,1,0,3,0.67
09/09/2025,Gabon,Ivory Coast,0,0,4.4,3,2.2,4,2.78,2.11,6,8,3,3,13,15,7,4,0,2,0,0,,
09/09/2025,Gambia,Burundi,2,0,1.85,3.4,4.9,1.79,3.28,4.51,11,7,6,1,14,14,8,5,2,3,0,0,,
09/09/2025,Hungary,Portugal,2,3,6.75,4.75,1.5,6.31,4.51,1.47,5,15,2,7,6,9,1,6,1,2,0,0,0.48,2.38
09/09/2025,Kenya,Seychelles,5,0,1.04,17.5,61,1.03,13.57,42.6,16,6,7,3,15,14,6,3,2,3,0,0,,
09/09/2025,Mauritania,South Sudan,0,0,1.37,4.6,11,1.34,4.29,9.7,18,4,6,1,7,23,9,3,0,7,0,0,,
09/09/2025,Namibia,Sao Tome and Principe,3,0,1.18,6.75,26,1.15,6.2,19.09,20,3,10,2,16,12,15,4,3,1,0,0,,
09/09/2025,Norway,Moldova,11,1,1.05,17,46,1.04,14.69,36.94,34,2,17,0,6,10,4,1,0,1,0,0,9.57,0.09
09/09/2025,Panama,Guatemala,1,1,1.38,5,9.5,1.33,4.61,8.14,18,7,6,1,22,11,6,2,3,3,0,0,1.58,0.93
09/09/2025,Serbia,England,0,5,4.6,3.4,1.95,4.23,3.31,1.91,3,24,0,12,11,10,2,6,1,1,1,0,0.08,4.22
09/09/2025,Sierra Leone,Ethiopia,2,0,1.96,3.1,4.75,1.9,2.98,4.45,12,6,5,3,2,8,4,2,0,0,0,0,,
09/09/2025,South Africa,Nigeria,1,1,3.05,2.88,3,2.77,2.73,2.81,8,4,4,2,11,17,2,1,3,2,0,0,,
09/09/2025,Tanzania,Niger,0,1,1.77,3.4,6.25,1.7,3.23,5.35,8,4,3,2,11,19,4,0,2,3,0,1,,
09/09/2025,Togo,Sudan,1,0,2.43,2.85,3.66,2.32,2.76,3.42,9,5,5,2,17,16,4,1,2,1,0,0,,
09/09/2025,Zimbabwe,Rwanda,0,1,3.05,2.88,2.88,2.87,2.68,2.77,9,10,3,6,13,16,10,0,1,4,0,0,,
08/09/2025,Belarus,Scotland,0,2,9,4.4,1.46,7.85,4.28,1.42,6,14,3,8,14,10,2,2,2,1,0,0,0.33,2.15
08/09/2025,Croatia,Montenegro,4,0,1.22,7,15,1.19,6.74,13.34,32,3,13,1,10,6,7,3,1,3,0,1,3.32,0.16
08/09/2025,Equatorial Guinea,Tunisia,0,1,3.7,2.95,2.33,3.5,2.83,2.25,9,3,4,2,18,18,2,4,1,5,0,0,,
08/09/2025,Ghana,Mali,1,0,2.62,2.9,3.4,2.46,2.72,3.23,6,9,2,4,10,12,5,2,2,0,0,0,,
08/09/2025,Gibraltar,Faroe Islands,0,1,7.5,4,1.53,7.06,3.86,1.51,7,13,2,6,11,13,3,7,3,1,0,0,0.8,1.58
08/09/2025,Greece,Denmark,0,3,2.37,3.3,3.3,2.32,3.17,3.16,4,15,1,8,14,14,3,3,1,1,0,0,0.17,1.94
08/09/2025,Guinea,Algeria,0,0,4.75,3.4,1.97,4.31,3.25,1.84,7,4,3,3,12,12,7,6,1,1,0,0,,
08/09/2025,Guinea Bissau,Djibouti,2,0,1.09,11.5,31,1.07,9.44,24.63,18,1,7,1,7,15,7,0,1,1,0,0,,
08/09/2025,Israel,Italy,4,5,8.5,5.3,1.4,7.55,5.04,1.37,11,17,7,7,15,12,4,4,0,0,0,0,1.54,1.85
08/09/2025,Kosovo,Sweden,2,0,5.75,4.1,1.65,5.21,3.99,1.61,11,14,5,5,13,12,1,5,5,4,1,0,1.49,0.95
08/09/2025,Libya,Eswatini,2,0,1.48,4.1,9.5,1.44,3.79,8.13,5,3,2,1,15,7,7,0,1,1,0,0,,
08/09/2025,Madagascar,Chad,3,1,1.2,6.5,19,1.17,6.02,16.25,6,4,5,2,16,19,9,1,5,3,0,0,,
08/09/2025,Malawi,Liberia,2,2,1.9,3.4,5.5,1.77,3.19,4.87,12,4,6,2,1,0,4,1,1,2,0,0,,
08/09/2025,Mozambique,Botswana,2,0,1.86,3.3,5,1.82,3.16,4.57,8,13,4,4,8,7,5,5,0,1,0,0,,
08/09/2025,Switzerland,Slovenia,3,0,1.44,4.75,9.5,1.38,4.54,8.13,12,6,6,1,10,15,5,2,0,2,0,0,1,0.19
08/09/2025,Uganda,Somalia,2,0,1.12,11.5,36,1.07,9.09,27.94,11,6,6,1,16,7,5,1,2,1,0,0,,
08/09/2025,Zambia,Morocco,0,2,8,4.75,1.41,7.2,4.48,1.38,8,4,3,3,9,12,6,1,1,4,0,0,,
07/09/2025,Belgium,Kazakhstan,6,0,1.05,17,46,1.04,14.47,36.75,35,5,15,2,6,10,11,1,0,2,0,0,3.62,0.23
07/09/2025,Central Africa,Comoros,0,2,6.25,3.45,1.73,5.63,3.27,1.66,12,5,3,3,11,12,7,5,1,3,0,0,,
07/09/2025,Georgia,Bulgaria,3,0,1.28,6,13,1.25,5.46,12.28,15,5,5,2,3,18,4,1,2,4,0,0,2.47,0.33
07/09/2025,Germany,Northern Ireland,3,1,1.22,8,17,1.19,7.19,13.41,11,3,6,1,9,13,3,5,1,4,0,0,2.61,0.28
07/09/2025,Lithuania,Netherlands,2,3,37,13,1.09,30.06,10.64,1.07,4,14,3,7,13,10,1,7,2,0,0,0,0.34,1.12
07/09/2025,Luxembourg,Slovakia,0,1,5.25,3.5,1.85,4.93,3.31,1.79,11,6,4,2,14,14,4,4,3,3,0,0,1.17,1.14
07/09/2025,North Macedonia,Liechtenstein,5,0,1.07,15,61,1.06,12.03,39,18,3,8,1,11,15,7,2,2,1,0,0,2.35,0.09
07/09/2025,Poland,Finland,3,1,1.44,4.75,7.5,1.41,4.53,7.22,15,5,6,2,11,11,8,2,1,0,0,0,2.25,0.26
07/09/2025,Turkey,Spain,0,6,6.5,4.5,1.53,6.03,4.4,1.5,11,21,2,12,6,9,8,4,0,0,0,0,0.54,2.76
06/09/2025,Armenia,Portugal,0,5,21,10,1.14,18.16,9.23,1.12,7,24,3,9,10,7,2,4,1,0,0,0,0.19,6.34
06/09/2025,Austria,Cyprus,1,0,1.13,13,29,1.09,10.72,22.69,10,16,3,5,14,6,7,3,1,4,0,0,2.14,1.25
06/09/2025,England,Andorra,2,0,1.01,41,151,1.01,29,74.62,11,2,7,0,10,8,8,0,1,1,0,0,1.95,0.09
06/09/2025,Haiti,Honduras,0,0,2.8,3.2,2.63,2.69,3.08,2.54,15,14,7,3,12,7,8,5,0,0,0,0,1.04,1.03
06/09/2025,Ireland,Hungary,2,2,2.75,3.1,3,2.65,2.96,2.87,23,9,8,6,14,13,4,1,3,5,0,1,2.75,1.74
06/09/2025,Latvia,Serbia,0,1,15,5.5,1.33,11.13,5.17,1.29,8,20,2,7,9,13,3,7,1,1,0,0,0.7,1.39
06/09/2025,Nicaragua,Costa Rica,1,1,7.5,4.1,1.57,6.54,3.84,1.48,9,11,2,2,6,13,4,6,1,2,1,0,1,0.63
06/09/2025,Nigeria,Rwanda,1,0,1.36,4.5,13,1.33,4.24,10.38,12,4,8,3,14,14,4,1,1,3,0,0,,
06/09/2025,San Marino,Bosnia & Herzegovina,0,6,35,11,1.14,23.5,8.75,1.11,4,22,1,10,17,20,0,6,2,2,1,0,0.14,3.62
06/09/2025,Trinidad & Tobago,Curacao,0,0,3.55,3.4,2.25,3.28,3.21,2.1,13,5,6,2,12,10,4,3,5,1,0,0,0.55,0.19
05/09/2025,Argentina,Venezuela,3,0,1.27,6,15,1.24,5.68,13.41,17,5,9,0,9,13,4,0,1,2,0,0,1.97,0.32
05/09/2025,Benin,Zimbabwe,1,0,2.35,3,3.6,2.23,2.92,3.37,5,3,2,2,,,2,5,2,3,0,0,,
05/09/2025,Bermuda,Jamaica,0,4,13,5.5,1.29,10.19,5.29,1.25,8,18,3,7,7,12,2,5,0,2,0,0,0.4,1.49
05/09/2025,Brazil,Chile,3,0,1.21,7,23,1.18,6.48,17.75,22,3,7,0,14,11,4,3,1,1,0,0,4.14,0.07
05/09/2025,Colombia,Bolivia,3,0,1.12,10.5,26,1.11,9.2,22.44,12,9,8,3,10,7,4,2,1,1,0,0,1.45,0.43
05/09/2025,Congo,Tanzania,1,1,4,3.15,2.3,3.42,2.97,2.18,5,2,2,2,6,2,2,7,2,0,0,0,,
05/09/2025,Denmark,Scotland,0,0,1.49,4.35,9.5,1.44,4.19,7.84,16,11,2,1,12,15,13,4,3,5,0,0,1.19,0.62
05/09/2025,Djibouti,Burkina Faso,0,6,26,8.5,1.14,21.38,7.63,1.11,3,12,1,7,,,2,5,0,1,1,0,,
05/09/2025,Egypt,Ethiopia,2,0,1.17,7.75,29,1.13,6.88,20.88,17,6,10,2,11,5,7,2,2,2,0,0,,
05/09/2025,Faroe Islands,Croatia,0,1,12,5.8,1.3,11.28,5.5,1.26,6,26,3,8,12,8,3,17,2,1,0,0,1.05,2.65
05/09/2025,Greece,Belarus,5,1,1.17,7.5,21,1.15,7.03,19.16,30,11,14,4,7,12,11,7,1,2,0,0,4.1,1
05/09/2025,Guatemala,El Salvador,0,1,1.78,3.6,5.5,1.71,3.27,5.02,19,10,5,1,10,12,10,1,2,3,0,0,1.06,0.58
05/09/2025,Iceland,Azerbaijan,5,0,1.48,4.6,8,1.43,4.41,7.26,14,2,7,0,12,12,3,2,1,2,0,0,3.15,0.48
05/09/2025,Italy,Estonia,5,0,1.07,15.5,36,1.05,13.28,32.38,40,4,13,2,9,14,12,3,1,3,0,0,4.73,0.41
05/09/2025,Ivory Coast,Burundi,1,0,1.23,6,19,1.2,5.49,15.09,14,1,5,0,18,14,4,1,2,1,0,0,,
05/09/2025,Kenya,Gambia,1,3,2.32,3.1,3.75,2.2,2.88,3.53,16,9,9,8,15,9,12,3,4,3,0,0,,
05/09/2025,Lesotho,South Africa,0,3,21,5.25,1.28,17.09,4.65,1.24,8,10,2,10,15,9,0,5,2,1,0,0,,
05/09/2025,Mauritania,Togo,2,0,2.9,3.1,2.85,2.77,2.91,2.62,9,4,6,3,20,15,4,4,2,1,0,0,,
05/09/2025,Moldova,Israel,0,4,6.33,4.2,1.55,5.97,4.06,1.53,12,16,3,9,5,10,3,5,0,2,0,0,1.09,3.49
05/09/2025,Montenegro,Czech Republic,0,2,5.5,4,1.67,5.16,3.81,1.65,22,20,5,10,13,16,6,6,4,1,0,0,1.24,3.25
05/09/2025,Morocco,Niger,5,0,1.18,7.25,23,1.15,6.6,17,21,2,13,1,14,12,12,3,0,4,0,1,,
05/09/2025,Namibia,Malawi,1,2,2.35,2.7,4,2.25,2.63,3.83,6,11,3,5,13,15,6,8,3,3,0,0,,
05/09/2025,Paraguay,Ecuador,0,0,2.5,2.75,4,2.38,2.65,3.81,7,6,3,1,15,8,6,1,3,1,0,0,0.63,0.24
05/09/2025,Senegal,Sudan,2,0,1.22,5.5,26,1.21,5.05,18.69,9,6,5,1,18,13,4,5,1,1,0,0,,
05/09/2025,Slovenia,Sweden,2,2,3.5,3.35,2.25,3.38,3.27,2.17,9,6,4,2,19,21,1,4,2,2,0,0,0.75,1.31
05/09/2025,Somalia,Guinea,0,3,13,6.5,1.25,12,5.91,1.21,5,11,2,6,12,10,2,9,1,1,0,0,,
05/09/2025,South Sudan,D.R. Congo,1,4,7.5,4,1.57,6.56,3.67,1.51,7,11,5,8,5,11,5,3,1,0,0,0,,
05/09/2025,Switzerland,Kosovo,4,0,1.42,5.1,8,1.39,4.74,7.41,10,7,5,1,11,10,3,4,2,0,0,0,1.58,0.52
05/09/2025,Uganda,Mozambique,4,0,1.92,3.25,4.75,1.87,3.06,4.51,18,3,9,2,16,3,11,0,2,0,0,0,,
05/09/2025,Ukraine,France,0,2,10,5.5,1.35,9.25,5.12,1.32,8,16,3,6,10,8,4,4,0,0,0,0,1.34,2.42
05/09/2025,Uruguay,Peru,3,0,1.44,4.4,10,1.42,4.07,8.97,24,11,7,3,8,14,6,1,2,3,0,0,2.49,0.45
04/09/2025,Algeria,Botswana,3,1,1.25,5.8,15,1.22,5.45,13.44,16,11,11,5,9,10,6,2,4,2,0,0,,
04/09/2025,Angola,Libya,0,1,1.64,3.6,7.5,1.58,3.4,6.41,8,2,1,1,17,14,9,1,1,2,0,0,,
04/09/2025,Bulgaria,Spain,0,3,41,15,1.07,34.56,12.59,1.05,3,24,0,12,6,17,1,6,0,1,0,0,0.1,3.51
04/09/2025,Cameroon,Eswatini,3,0,1.21,6.25,23,1.18,5.68,16.53,11,8,5,4,3,3,6,1,0,2,0,0,,
04/09/2025,Chad,Ghana,1,1,23,7.5,1.18,17.09,6.8,1.14,8,6,2,2,8,16,0,7,1,1,0,0,,
04/09/2025,Georgia,Turkey,2,3,3,3.5,2.4,2.96,3.38,2.33,15,6,4,3,13,14,6,2,4,3,1,1,1.14,0.73
04/09/2025,Guinea Bissau,Sierra Leone,1,1,2.28,3.25,3.8,2.12,3.03,3.52,11,5,7,2,14,14,4,3,1,3,0,0,,
04/09/2025,Kazakhstan,Wales,0,1,6.66,3.9,1.63,6.05,3.66,1.6,14,16,3,5,12,13,6,6,1,1,0,0,0.81,1.33
04/09/2025,Liechtenstein,Belgium,0,6,181,41,1.01,84.7,29.1,1.01,0,24,0,9,11,12,0,10,2,0,0,0,0,3.13
04/09/2025,Lithuania,Malta,1,1,1.63,3.6,7.5,1.59,3.45,6.85,14,14,4,3,17,18,4,2,5,6,1,1,1.65,1.92
04/09/2025,Luxembourg,Northern Ireland,1,3,3.8,2.95,2.3,3.72,2.85,2.25,7,11,3,6,12,9,2,5,4,1,1,0,0.54,1.41
04/09/2025,Madagascar,Central Africa,2,0,1.85,3.4,4.75,1.82,3.29,4.35,5,3,3,0,,,5,3,1,1,0,0,,
04/09/2025,Mali,Comoros,3,0,1.43,4.2,9.5,1.4,4.03,8.41,9,6,7,2,18,17,2,1,1,2,0,0,,
04/09/2025,Mauritius,Cape Verde,0,2,10,4.2,1.5,7.56,3.87,1.44,4,11,2,3,4,10,4,5,0,0,0,0,,
04/09/2025,Netherlands,Poland,1,1,1.29,6.25,12,1.26,5.74,10.44,14,6,5,2,11,11,7,4,0,0,0,0,1.24,0.3
04/09/2025,Sao Tome and Principe,Equatorial Guinea,2,3,17,5,1.31,12.03,4.48,1.29,6,16,3,8,14,8,0,12,2,1,0,0,,
04/09/2025,Slovakia,Germany,2,0,7.5,5,1.44,6.96,4.75,1.41,8,14,5,4,12,18,5,8,1,2,0,0,1.28,1.74
04/09/2025,Suriname,Panama,0,0,5,3.65,1.81,4.78,3.43,1.69,9,15,3,4,7,10,3,11,2,1,0,0,0.72,1.08
04/09/2025,Tunisia,Liberia,3,0,1.29,5.6,13,1.24,5.19,12,12,4,8,3,19,14,5,1,1,2,0,0,,
03/09/2025,Seychelles,Gabon,0,4,36,13.5,1.06,27.64,11.21,1.05,,,,,,,,,,,,,,
11/06/2025,Argentina,Colombia,1,1,1.7,3.6,6.5,1.65,3.45,5.84,10,11,3,5,16,12,4,6,2,4,1,0,1.08,1.29
11/06/2025,Brazil,Paraguay,1,0,1.4,4.9,11.5,1.37,4.45,9.34,11,5,4,1,11,16,11,3,2,1,0,0,2.2,0.22
11/06/2025,Costa Rica,Trinidad & Tobago,2,1,1.32,5.5,10,1.27,5.13,8.66,,,,,,,,,,,,,,
11/06/2025,Dominican Republic,Dominica,5,0,1.05,19,36,1.03,15.42,29.83,,,,,,,,,,,,,,
11/06/2025,El Salvador,Suriname,1,1,2.38,3,4,2.18,2.74,3.65,,,,,,,,,,,,,,
11/06/2025,Guyana,Montserrat,3,0,1.73,3.7,5.5,1.69,3.35,4.82,,,,,,,,,,,,,,
11/06/2025,Honduras,Antigua and Barbuda,2,0,1.05,17,51,1.03,13.13,35.27,,,,,,,,,,,,,,
11/06/2025,Jamaica,Guatemala,3,0,2.3,3.5,3.6,2.07,3.26,3.28,,,,,,,,,,,,,,
11/06/2025,Panama,Nicaragua,3,0,1.35,5,10,1.32,4.62,8.28,,,,,,,,,,,,,,
11/06/2025,Peru,Ecuador,0,0,3.9,2.7,2.66,3.41,2.59,2.57,13,10,5,3,11,13,2,0,4,2,0,1,0.7,0.8
11/06/2025,Puerto Rico,Saint Vincent and the Grenadines,2,1,1.46,5.25,8,1.36,4.64,6.78,,,,,,,,,,,,,,
11/06/2025,Uruguay,Venezuela,2,0,1.65,3.7,6.4,1.61,3.56,6.02,12,10,5,1,15,10,10,1,2,3,0,0,1.16,0.49
10/06/2025,Bolivia,Chile,2,0,1.76,3.65,5.33,1.72,3.53,5,16,13,7,2,7,13,6,6,1,3,1,1,2.29,0.3
10/06/2025,China,Bahrain,1,0,2.4,3.1,3.5,2.32,2.91,3.25,13,8,4,2,6,6,5,3,1,0,0,0,1.64,0.53
10/06/2025,Cuba,Bermuda,1,2,1.55,4.75,6,1.49,4.23,5.2,,,,,,,,,,,,,,
10/06/2025,Finland,Poland,2,1,3.4,3.2,2.4,3.24,3.1,2.32,13,24,4,9,10,10,4,4,1,2,0,0,2.47,1.51
10/06/2025,Haiti,Curacao,1,5,2.2,3.6,3.4,2.06,3.33,3.18,,,,,,,,,,,,,,
10/06/2025,Iran,North Korea,3,0,1.18,7.75,19,1.15,6.95,15.35,25,8,8,1,8,14,2,6,1,2,0,1,4.37,0.34
10/06/2025,Japan,Indonesia,6,0,1.17,10,23,1.11,8.1,18.41,22,0,10,0,6,6,8,0,0,0,0,0,3.99,0
10/06/2025,Jordan,Iraq,0,1,2.25,3.1,3.65,2.19,3,3.43,9,7,0,4,13,10,4,3,2,1,0,0,0.61,0.5
10/06/2025,Kyrgyzstan,United Arab Emirates,1,1,5.5,3.8,1.8,4.73,3.55,1.71,10,5,4,2,13,8,4,2,2,1,0,0,0.69,0.95
10/06/2025,Latvia,Albania,1,1,5.33,3.45,1.83,4.93,3.2,1.79,7,13,4,3,14,10,6,9,3,0,0,0,1.1,0.72
10/06/2025,Netherlands,Malta,8,0,1.04,23,81,1.03,17.8,58,27,5,9,2,12,15,6,2,1,2,0,0,4.52,0.16
10/06/2025,Palestine,Oman,1,1,2.3,3,3.75,2.2,2.9,3.56,11,12,2,1,12,4,7,7,4,2,0,1,0.56,1.38
10/06/2025,Romania,Cyprus,2,0,1.42,5.2,8.5,1.38,4.82,7.74,19,5,6,1,12,9,10,3,1,2,0,0,1.14,0.57
10/06/2025,Saint Kitts and Nevis,Grenada,2,3,4.8,4.5,1.65,4.36,4.08,1.59,,,,,,,,,,,,,,
10/06/2025,Saint Lucia,Barbados,2,1,1.87,4.33,4.1,1.77,3.89,3.59,,,,,,,,,,,,,,
10/06/2025,San Marino,Austria,0,4,126,36,1.02,79.57,24.21,1.01,8,22,2,13,16,15,5,6,1,2,0,0,0.53,4.26
10/06/2025,Saudi Arabia,Australia,1,2,2,3.35,4.33,1.94,3.17,4.01,14,4,6,3,13,10,3,2,1,1,0,0,2.64,1.04
10/06/2025,Serbia,Andorra,3,0,1.07,13.5,51,1.05,11.53,41.71,20,5,7,0,11,12,10,1,1,2,0,0,2.79,0.31
10/06/2025,South Korea,Kuwait,4,0,1.15,10.5,29,1.11,8.34,18.94,25,6,8,0,12,5,14,2,1,2,0,0,2.59,0.33
10/06/2025,Uzbekistan,Qatar,3,0,1.62,3.75,7,1.57,3.59,6.02,18,1,8,0,11,12,6,1,2,4,0,0,2.3,0.32
09/06/2025,Belgium,Wales,4,3,1.4,4.9,9.5,1.37,4.73,8.26,18,12,4,8,13,9,7,5,3,3,0,0,2.89,2.25
09/06/2025,Croatia,Czech Republic,5,1,2.06,3.4,3.95,2.01,3.33,3.72,18,14,11,5,3,11,0,6,0,2,0,0,3.63,1.39
09/06/2025,Estonia,Norway,0,1,29,11,1.13,23.19,9.68,1.1,7,19,2,3,7,9,2,2,1,1,0,0,0.23,2.98
09/06/2025,Faroe Islands,Gibraltar,2,1,1.28,5.5,15,1.26,5.33,12.97,22,5,5,1,12,7,11,3,1,1,0,0,2.1,0.19
09/06/2025,Italy,Moldova,2,0,1.06,17,51,1.04,14.03,39.6,28,18,7,7,8,12,7,6,1,2,0,0,2.67,1.05
09/06/2025,Kazakhstan,North Macedonia,0,1,4.2,3.3,2.05,4.03,3.22,1.98,13,9,3,5,21,11,6,0,2,2,0,0,0.58,0.31
08/06/2025,Bahamas,Costa Rica,0,8,126,67,1.03,77.18,36,1,,,,,,,,,,,,,,
08/06/2025,Belize,Panama,0,2,56,19,1.05,37.73,13.38,1.03,,,,,,,,,,,,,,
07/06/2025,Albania,Serbia,0,0,3.8,3.1,2.25,3.68,2.95,2.21,10,8,4,2,9,13,4,4,1,2,0,0,1.08,0.54
07/06/2025,Andorra,England,0,1,151,35,1.02,79.58,22.04,1.01,4,20,0,10,13,8,0,12,0,0,0,0,0.3,4
07/06/2025,Anguilla,El Salvador,0,3,67,34,1.02,49.9,22.6,1.01,,,,,,,,,,,,,,
07/06/2025,Aruba,Haiti,0,5,26,12,1.09,19.65,10.05,1.06,,,,,,,,,,,,,,
07/06/2025,Austria,Romania,2,1,1.34,5.5,9.5,1.32,5.27,8.8,14,10,9,3,11,10,5,4,1,1,0,0,1.29,0.71
07/06/2025,Bosnia & Herzegovina,San Marino,1,0,1.04,21,81,1.02,17.1,55.67,21,5,6,0,21,12,5,2,1,2,0,0,2.93,0.18
07/06/2025,British Virgin Islands,Jamaica,0,1,67,34,1.01,53.5,20.9,1.01,,,,,,,,,,,,,,
07/06/2025,Cayman Islands,Honduras,0,1,81,34,1.01,57.36,22.82,1.01,,,,,,,,,,,,,,
07/06/2025,Curacao,Saint Lucia,4,0,1.17,8.5,19,1.13,7.32,13.29,,,,,,,,,,,,,,
07/06/2025,Finland,Netherlands,0,2,15,6.5,1.26,12.78,5.93,1.23,5,17,2,6,9,9,1,6,1,2,0,0,0.2,2.15
07/06/2025,Guatemala,Dominican Republic,4,2,2.2,3.4,3.75,2.1,3.09,3.33,,,,,,,,,,,,,,
07/06/2025,Malta,Lithuania,0,0,2.75,2.8,3.25,2.67,2.74,3.09,6,8,1,2,23,19,2,2,3,2,0,0,0.14,0.37
07/06/2025,Nicaragua,Guyana,1,0,1.4,4.8,9,1.36,4.43,7.46,,,,,,,,,,,,,,
07/06/2025,Trinidad & Tobago,Saint Kitts and Nevis,6,2,1.12,11.5,26,1.08,9.37,17.24,,,,,,,,,,,,,,
06/06/2025,Antigua and Barbuda,Cuba,0,1,5.5,4.5,1.58,5,4.09,1.52,,,,,,,,,,,,,,
06/06/2025,Chile,Argentina,0,1,5.75,3.4,1.83,5.04,3.27,1.78,7,10,3,4,9,9,1,4,4,2,0,0,0.46,1.23
06/06/2025,Colombia,Peru,0,0,1.33,5.4,11.5,1.3,4.97,10.4,15,4,0,1,10,5,2,4,1,1,0,0,0.7,0.4
06/06/2025,Czech Republic,Montenegro,2,0,1.33,5.5,11,1.3,5.25,10.16,13,6,7,3,23,10,8,4,1,3,0,0,1.35,0.68
06/06/2025,Ecuador,Brazil,0,0,4.3,3.1,2.2,3.98,2.91,2.12,7,3,3,2,14,9,4,3,0,0,0,0,0.45,0.38
06/06/2025,Estonia,Israel,1,3,7,4.33,1.53,6.54,4.15,1.5,8,16,2,7,13,7,5,5,1,0,0,0,1.23,2.09
06/06/2025,Gibraltar,Croatia,0,7,101,29,1.02,73.75,21.17,1.02,3,30,0,13,9,10,1,12,0,1,0,0,0.25,5.8
06/06/2025,North Macedonia,Belgium,1,1,9.5,5,1.37,8.81,4.74,1.35,7,17,2,4,13,11,1,10,6,1,0,0,1.29,2.11
06/06/2025,Norway,Italy,3,0,2.8,3.4,2.75,2.63,3.26,2.65,8,6,4,1,11,10,6,2,2,0,0,0,1.53,0.38
06/06/2025,Paraguay,Uruguay,2,0,3,2.66,3.3,2.78,2.58,3.13,12,5,5,1,18,10,5,7,2,0,0,0,1.46,0.25
06/06/2025,Suriname,Puerto Rico,1,0,1.38,5.5,10.5,1.3,4.72,8.35,,,,,,,,,,,,,,
06/06/2025,Venezuela,Bolivia,2,0,1.36,5.33,9.5,1.34,4.99,8.62,10,9,5,2,12,18,5,2,1,2,0,0,1.04,0.6
06/06/2025,Wales,Liechtenstein,3,0,1.03,30,111,1.02,19.5,71.54,26,0,11,0,9,8,12,0,1,2,0,0,2.61,0
05/06/2025,Australia,Japan,1,0,2.75,3.1,2.9,2.58,2.98,2.79,6,13,3,1,8,13,1,8,0,0,0,0,0.33,0.47
05/06/2025,Bahrain,Saudi Arabia,0,2,4.5,3.2,2.05,4.15,3.02,1.97,17,10,2,3,4,10,6,2,2,2,0,0,1.35,1.44
05/06/2025,Bermuda,Cayman Islands,5,0,1.2,7,15,1.17,6.29,11.88,,,,,,,,,,,,,,
05/06/2025,Grenada,Bahamas,6,0,1.07,15,31,1.05,11.68,23.93,,,,,,,,,,,,,,
05/06/2025,Indonesia,China,1,0,1.75,4.1,4.75,1.7,3.83,4.29,13,5,3,1,12,16,3,5,2,3,0,0,1.35,0.45
05/06/2025,Iraq,South Korea,0,2,3.95,3.3,2.15,3.65,3.13,2.06,5,13,2,7,8,12,1,10,1,4,1,0,0.28,2.08
05/06/2025,Kuwait,Palestine,0,2,3.8,3.35,2.1,3.65,3.23,2.01,7,15,2,6,8,12,10,5,3,2,0,0,0.51,2.72
05/06/2025,North Korea,Kyrgyzstan,2,2,2.8,3.2,2.75,2.69,3.07,2.6,10,14,5,3,15,6,3,2,2,1,0,0,0.93,0.82
05/06/2025,Oman,Jordan,0,3,3.25,3,2.55,3.15,2.91,2.38,10,9,2,4,10,13,3,3,2,1,0,0,0.44,2.05
05/06/2025,Qatar,Iran,1,0,2.8,3.25,2.7,2.71,3.15,2.54,6,6,3,3,15,19,3,3,3,4,0,1,0.49,0.27
05/06/2025,Saint Vincent and the Grenadines,Anguilla,6,0,1.11,10.5,26,1.09,8.69,18.88,,,,,,,,,,,,,,
05/06/2025,United Arab Emirates,Uzbekistan,0,0,2.9,3.1,2.75,2.73,3,2.62,10,4,6,0,12,13,2,3,1,1,0,0,0.79,0.47
04/06/2025,Barbados,Aruba,1,1,2.05,3.7,3.5,1.95,3.56,3.27,,,,,,,,,,,,,,
04/06/2025,Dominica,British Virgin Islands,3,0,1.4,5.5,10,1.3,4.87,8.22,,,,,,,,,,,,,,
04/06/2025,Montserrat,Belize,1,0,2.3,3.25,3.25,2.22,3.12,3.04,,,,,,,,,,,,,,
26/03/2025,Argentina,Brazil,4,1,2.4,3,3.7,2.31,2.86,3.55,,,,,,,,,,,,,,
26/03/2025,Chile,Ecuador,0,0,3,2.9,2.83,2.89,2.85,2.71,,,,,,,,,,,,,,
26/03/2025,Colombia,Paraguay,2,2,1.48,4.2,9.5,1.43,4.07,8.39,,,,,,,,,,,,,,
26/03/2025,Venezuela,Peru,1,0,2.06,3.2,4.6,2,3.03,4.23,,,,,,,,,,,,,,
25/03/2025,Algeria,Mozambique,5,1,1.29,5.5,14,1.24,5.13,12.03,17,2,13,1,26,7,9,4,1,2,0,0,,
25/03/2025,Angola,Cape Verde,1,2,2.05,2.9,4.75,1.98,2.83,4.37,5,3,2,2,11,13,4,4,0,1,0,0,,
25/03/2025,Benin,South Africa,0,2,4.75,3.1,2.14,4.22,2.92,1.99,4,7,1,5,9,12,0,6,2,0,0,0,,
25/03/2025,Bolivia,Uruguay,0,0,2.75,3.1,2.88,2.69,3.01,2.76,,,,,,,,,,,,,,
25/03/2025,Botswana,Somalia,2,0,1.3,5,12,1.28,4.72,10.59,18,7,8,3,10,4,8,3,0,2,0,0,,
25/03/2025,Burundi,Seychelles,5,0,1.11,9.25,34,1.09,8.3,21.88,21,3,16,1,17,16,6,0,1,3,0,0,,
25/03/2025,Cameroon,Libya,3,1,1.38,4.33,11,1.35,4.19,9.52,,,,,,,,,,,,,,
25/03/2025,China,Australia,0,2,6.25,3.9,1.65,5.67,3.78,1.57,12,7,1,2,10,3,6,6,1,0,0,0,0.89,1.02
25/03/2025,Comoros,Chad,1,0,1.18,7,19,1.16,6.32,16.25,19,4,5,1,24,7,6,1,1,0,0,0,,
25/03/2025,Egypt,Sierra Leone,1,0,1.18,7,21,1.15,6.43,17.25,9,3,3,1,12,11,8,4,1,1,0,0,,
25/03/2025,Gibraltar,Czech Republic,0,4,81,23,1.04,53.07,17.67,1.02,1,29,0,12,10,10,0,12,3,1,0,0,0.01,4.47
25/03/2025,Indonesia,Bahrain,1,0,2,3.65,3.9,1.94,3.39,3.72,7,7,3,1,14,8,4,3,3,2,0,0,1.19,0.26
25/03/2025,Iran,Uzbekistan,2,2,1.95,3.13,5.33,1.88,2.96,4.57,20,13,8,4,13,11,6,5,0,0,0,0,2.64,0.96
25/03/2025,Israel,Norway,2,4,6.1,4.5,1.55,5.75,4.3,1.52,10,23,6,12,7,9,2,7,1,2,0,0,0.61,3.96
25/03/2025,Japan,Saudi Arabia,0,0,1.49,4.2,7.5,1.45,4.05,7,12,1,2,0,10,3,9,0,0,0,0,0,1.04,0.02
25/03/2025,Kuwait,Oman,0,1,3.8,3,2.25,3.64,2.86,2.16,9,7,1,3,10,9,5,4,1,1,0,0,0.77,0.76
25/03/2025,Kyrgyzstan,Qatar,3,1,6.3,4.1,1.65,5.44,3.78,1.56,14,9,5,4,12,7,5,6,2,1,0,1,0.41,0.63
25/03/2025,Liechtenstein,Kazakhstan,0,2,11,4.4,1.4,10.03,4.17,1.38,3,16,2,4,6,10,1,6,1,1,0,0,0.07,1.47
25/03/2025,Mauritania,D.R. Congo,0,2,4.75,3,2.55,3.74,2.78,2.21,4,3,2,2,7,11,4,3,2,0,0,0,,
25/03/2025,Moldova,Estonia,2,3,2,3.2,4.55,1.95,3.1,4.39,14,10,6,7,14,15,5,3,3,5,1,1,0.66,1.53
25/03/2025,Montenegro,Faroe Islands,1,0,1.5,4.2,8,1.47,4.03,7.52,20,4,5,1,9,10,7,3,1,1,0,0,1.67,0.28
25/03/2025,Morocco,Tanzania,2,0,1.14,8.25,23,1.12,7.36,19,6,6,3,2,6,21,8,0,0,1,0,0,,
25/03/2025,Nigeria,Zimbabwe,1,1,1.22,6,16,1.2,5.48,14.34,13,5,3,3,10,5,6,1,0,2,0,0,,
25/03/2025,North Korea,United Arab Emirates,1,2,4.75,3.6,1.85,4.46,3.34,1.77,7,20,2,7,14,11,4,4,3,2,0,0,0.51,1.55
25/03/2025,North Macedonia,Wales,1,1,3.25,3.2,2.45,3.16,3.09,2.36,8,11,2,6,10,16,5,5,3,2,0,0,0.96,0.84
25/03/2025,Palestine,Iraq,2,1,4.5,3.1,2.15,4.02,2.91,2.01,15,13,5,3,5,13,11,9,2,3,0,0,1.72,0.69
25/03/2025,Rwanda,Lesotho,1,1,1.53,3.66,9,1.5,3.37,8.27,18,6,8,2,10,10,4,2,1,1,0,0,,
25/03/2025,Senegal,Togo,2,0,1.26,5.25,17,1.23,5.02,13.16,7,9,4,6,,,4,2,0,2,0,0,,
25/03/2025,South Korea,Jordan,1,1,1.5,4.1,7,1.48,3.97,6.66,12,11,3,3,12,9,10,3,0,2,0,0,1.76,0.28
25/03/2025,Sudan,South Sudan,1,1,1.33,4.9,13,1.3,4.49,10.83,1,1,1,1,16,21,5,5,1,2,0,0,,
25/03/2025,Uganda,Guinea,1,0,3.6,2.88,2.4,3.4,2.77,2.29,8,6,3,2,14,11,8,4,1,1,0,0,,
24/03/2025,Albania,Andorra,3,0,1.2,6.5,26,1.18,5.93,21.31,15,0,7,0,2,21,2,0,0,2,0,0,1.34,0
24/03/2025,Bosnia & Herzegovina,Cyprus,2,1,1.49,4.5,7.8,1.45,4.26,7.19,14,11,6,4,14,16,7,7,2,4,0,1,1.12,1.4
24/03/2025,Central Africa,Mali,0,0,11,5,1.37,9.22,4.52,1.32,1,13,0,5,13,10,0,8,3,0,0,0,,
24/03/2025,England,Latvia,3,0,1.04,30,101,1.02,19.03,55.6,27,3,8,1,11,13,10,2,1,2,0,0,3.57,0.31
24/03/2025,Ethiopia,Djibouti,6,1,1.46,4.2,9.5,1.38,4.05,8.23,15,10,9,7,15,11,3,9,1,2,0,0,,
24/03/2025,Guinea Bissau,Burkina Faso,1,2,4,3.14,2.25,3.72,2.86,2.14,1,2,1,2,17,24,3,5,2,3,0,0,,
24/03/2025,Ivory Coast,Gambia,1,0,1.33,5,15,1.29,4.54,11.56,5,8,3,3,18,9,5,2,1,0,0,0,,
24/03/2025,Liberia,Sao Tome and Principe,2,1,1.29,5.33,13,1.26,4.86,11.73,2,1,2,1,13,12,3,2,1,0,0,0,,
24/03/2025,Lithuania,Finland,2,2,3.75,3.1,2.3,3.54,2.96,2.23,11,13,6,4,17,15,2,5,3,2,0,0,0.51,2.2
24/03/2025,Madagascar,Ghana,0,3,4.5,3.3,1.95,4.16,3.15,1.88,7,7,2,5,19,17,2,4,2,1,0,0,,
24/03/2025,Namibia,Equatorial Guinea,1,1,3.25,3.15,2.65,2.99,2.92,2.43,4,4,3,1,7,10,3,5,2,1,0,0,,
24/03/2025,New Caledonia,New Zealand,0,3,41,23,1.02,34.82,17.36,1.01,,,,,,,,,,,,,,
24/03/2025,Poland,Malta,2,0,1.24,7,17,1.2,6.32,13.75,28,9,12,3,12,16,5,3,2,3,0,1,2.9,0.19
24/03/2025,San Marino,Romania,1,5,67,18.5,1.05,43.94,14.28,1.04,1,18,1,8,11,13,2,10,3,1,0,0,0.65,3.96
24/03/2025,Tunisia,Malawi,2,0,1.3,4.8,14,1.28,4.55,11.63,22,8,10,4,10,11,8,0,2,5,0,1,,
23/03/2025,Eswatini,Mauritius,3,3,2,3.2,4.5,1.85,3.1,4.3,7,5,4,3,11,11,6,4,2,2,0,0,,
23/03/2025,Kenya,Gabon,1,2,2.8,2.9,3.1,2.65,2.76,2.87,12,5,5,5,17,7,6,1,2,2,0,0,,
22/03/2025,Czech Republic,Faroe Islands,2,1,1.14,9.75,26,1.12,8.25,20.09,16,5,7,3,12,9,6,3,1,3,0,0,2.19,0.37
22/03/2025,Israel,Estonia,2,1,1.4,5.33,11,1.32,4.97,9.22,29,7,11,3,5,16,14,1,1,4,0,1,2.54,0.34
22/03/2025,Liechtenstein,North Macedonia,0,3,21,7.8,1.18,15.5,6.89,1.15,5,17,1,9,12,7,0,7,3,1,0,0,0.19,2.58
22/03/2025,Moldova,Norway,0,5,13,5.5,1.33,10.25,5.18,1.29,10,24,4,8,10,9,6,6,1,1,0,0,0.77,2.95
22/03/2025,Montenegro,Gibraltar,3,1,1.09,13,36,1.08,10.53,24.44,25,7,10,2,20,12,7,5,3,2,0,0,3.23,1.28
22/03/2025,Sudan,Senegal,0,0,13,4.33,1.38,11.03,3.98,1.34,7,19,3,4,12,9,3,11,3,1,0,0,,
22/03/2025,Togo,Mauritania,2,2,1.83,3.33,5.75,1.73,3.17,5.1,12,7,9,4,,,5,1,2,4,0,0,,
22/03/2025,Wales,Kazakhstan,3,1,1.31,5.8,15,1.27,5.44,11.05,12,10,7,2,5,7,4,4,0,2,0,0,1.96,1.04
21/03/2025,Andorra,Latvia,0,1,4.75,3.05,2.1,4.51,2.87,1.99,7,6,2,2,14,12,3,1,0,2,0,0,0.28,0.47
21/03/2025,Botswana,Algeria,1,3,7.5,3.8,1.53,6.83,3.64,1.51,1,3,1,3,10,11,2,5,2,1,0,0,,
21/03/2025,Brazil,Colombia,2,1,1.65,3.75,6.4,1.62,3.64,5.75,17,10,7,3,15,24,4,2,3,1,0,0,2.44,0.63
21/03/2025,Burkina Faso,Djibouti,4,1,1.09,11.5,31,1.07,9.69,22.88,10,8,7,4,22,12,3,3,2,2,0,0,,
21/03/2025,Burundi,Ivory Coast,0,1,13,5,1.3,11.44,4.75,1.27,3,9,0,3,17,21,0,5,2,2,0,0,,
21/03/2025,Cyprus,San Marino,2,0,1.18,7,21,1.16,6.64,17.72,26,5,11,2,14,17,7,2,0,2,0,0,2.51,0.34
21/03/2025,D.R. Congo,South Sudan,1,0,1.14,8.5,29,1.11,7.31,21.56,2,0,1,0,12,11,12,1,1,1,0,0,,
21/03/2025,Ecuador,Venezuela,2,1,1.36,5.33,14,1.3,4.75,11.72,16,10,6,6,13,13,5,2,1,2,0,0,2.68,1.05
21/03/2025,England,Albania,2,0,1.14,8.5,30,1.12,7.94,22.19,12,3,6,0,9,7,4,1,0,1,0,0,1.48,0.06
21/03/2025,Equatorial Guinea,Sao Tome and Principe,2,0,1.15,7,29,1.14,6.31,20.07,2,0,2,0,28,14,11,1,2,1,0,0,,
21/03/2025,Ethiopia,Egypt,0,2,15,5.5,1.29,11.09,5.08,1.25,1,13,0,8,8,8,1,3,0,0,0,0,,
21/03/2025,Ghana,Chad,5,0,1.05,17,34,1.03,12.92,27.67,10,1,5,0,4,7,4,4,0,3,0,0,,
21/03/2025,Guinea,Somalia,0,0,1.1,12,29,1.07,9.59,22,29,2,15,0,10,12,12,0,0,2,0,0,,
21/03/2025,Malta,Finland,0,1,5,3.25,2,4.54,3.09,1.9,19,10,6,5,9,12,6,3,0,1,1,0,1.85,1.88
21/03/2025,New Caledonia,Tahiti,3,0,1.67,3.8,5,1.61,3.54,4.85,,,,,,,,,,,,,,
21/03/2025,New Zealand,Fiji,7,0,1.04,17,41,1.02,12.93,28.29,,,,,,,,,,,,,,
21/03/2025,Niger,Morocco,1,2,26,9.5,1.11,21.44,8.41,1.09,2,10,1,4,12,14,0,7,3,2,0,0,,
21/03/2025,Peru,Bolivia,3,1,1.52,4.1,8.5,1.47,3.92,7.7,12,15,7,5,10,17,3,4,0,0,0,0,1.55,1.31
21/03/2025,Poland,Lithuania,1,0,1.26,6,13,1.24,5.73,11.67,24,8,7,2,14,18,11,1,1,1,0,0,2.27,0.75
21/03/2025,Romania,Bosnia & Herzegovina,0,1,1.93,3.55,4.7,1.86,3.42,4.16,15,5,3,1,14,25,5,1,5,3,0,0,1.81,0.95
21/03/2025,Rwanda,Nigeria,0,2,6.5,3.4,1.7,6.04,3.13,1.65,2,8,2,3,12,20,4,8,1,3,0,0,,
21/03/2025,Uruguay,Argentina,0,1,2.8,3,3.2,2.63,2.83,3.02,6,12,2,4,11,11,4,3,2,1,0,1,0.18,0.57
20/03/2025,Australia,Indonesia,5,1,1.55,4.2,6.5,1.53,3.86,5.73,9,11,7,4,11,13,5,7,0,0,0,0,2.2,1.78
20/03/2025,Cape Verde,Mauritius,1,0,1.22,6.1,17,1.19,5.66,14.88,1,0,1,0,24,19,9,0,2,2,0,0,,
20/03/2025,Comoros,Mali,0,3,6.5,3.5,1.67,6.09,3.31,1.61,0,4,0,4,12,23,3,2,2,0,0,0,,
20/03/2025,Gabon,Seychelles,3,0,1.03,23,71,1.01,17.87,44.93,5,3,3,1,8,11,13,1,1,3,0,0,,
20/03/2025,Gambia,Kenya,3,3,2.45,3.1,3.5,2.35,2.93,3.12,5,8,5,4,14,14,3,4,3,2,0,0,,
20/03/2025,Iran,United Arab Emirates,2,0,1.45,4.33,8.5,1.4,4.13,7.6,15,6,8,1,12,8,4,1,1,1,0,0,1.51,0.3
20/03/2025,Iraq,Kuwait,2,2,1.33,5,12,1.3,4.63,9.55,18,4,7,2,9,10,12,0,2,6,0,1,1.22,1.33
20/03/2025,Japan,Bahrain,2,0,1.14,10,23,1.1,8.4,18.83,12,7,4,2,18,5,8,1,1,1,0,0,1.38,0.39
20/03/2025,Jordan,Palestine,3,1,1.62,3.6,6.5,1.59,3.49,5.8,10,11,5,3,14,13,3,6,1,2,0,0,0.96,0.86
20/03/2025,Libya,Angola,1,1,3.2,2.75,2.7,3.04,2.69,2.59,3,7,3,5,33,37,4,3,4,0,0,0,,
20/03/2025,Malawi,Namibia,0,1,2.4,2.88,3.9,2.29,2.75,3.51,5,6,2,2,,,6,3,0,3,0,0,,
20/03/2025,Mozambique,Uganda,3,1,3,2.95,2.8,2.84,2.84,2.62,9,6,4,3,13,17,5,5,2,2,0,1,,
20/03/2025,Paraguay,Chile,1,0,1.95,3.3,5.5,1.87,3.14,4.79,16,9,5,3,10,11,6,4,0,0,0,0,0.76,0.81
20/03/2025,Qatar,North Korea,5,1,1.6,4.1,5.75,1.55,3.86,5.44,12,12,9,6,10,19,4,7,1,3,0,0,2.45,0.46
20/03/2025,Saudi Arabia,China,1,0,1.44,4.75,8.5,1.39,4.36,7.45,19,3,7,0,4,9,5,3,0,1,0,1,1.54,0.1
20/03/2025,Sierra Leone,Guinea Bissau,3,1,3.9,3,2.38,3.46,2.85,2.23,7,6,5,3,0,1,2,4,1,1,0,0,,
20/03/2025,South Korea,Oman,1,1,1.22,6.5,15,1.18,6.17,13.43,10,5,3,2,9,10,3,4,0,2,0,0,0.67,0.17
20/03/2025,Uzbekistan,Kyrgyzstan,1,0,1.27,6.75,15,1.21,5.82,11.91,26,1,9,0,13,10,12,0,4,1,0,1,3.34,0.05
20/03/2025,Zimbabwe,Benin,2,2,3.2,3,2.5,3.07,2.87,2.42,5,7,3,6,13,15,3,1,1,1,0,0,,
19/03/2025,Central Africa,Madagascar,1,4,2.83,3.2,3.2,2.69,3.01,2.59,6,9,4,6,10,21,3,4,1,2,0,0,,
19/03/2025,Eswatini,Cameroon,0,0,17,4.8,1.33,12.41,4.28,1.3,8,13,3,4,,,1,4,0,1,0,0,,
19/03/2025,Liberia,Tunisia,0,1,5.75,3.2,1.85,4.9,3.01,1.81,0,1,0,1,11,15,6,6,0,1,0,0,,
20/11/2024,Argentina,Peru,1,0,1.17,7.5,21,1.15,6.89,19.12,,,,,,,,,,,,,,
20/11/2024,Brazil,Uruguay,1,1,1.62,3.85,6.5,1.6,3.64,6.05,,,,,,,,,,,,,,
20/11/2024,Chile,Venezuela,4,2,2.23,3,4,2.13,2.94,3.86,,,,,,,,,,,,,,
19/11/2024,Bahrain,Australia,2,2,7,3.25,1.75,5.93,3.08,1.68,7,8,3,4,10,11,2,6,1,1,0,0,,
19/11/2024,Bolivia,Paraguay,2,2,2.15,3,4.6,2.07,2.91,4.15,,,,,,,,,,,,,,
19/11/2024,China,Japan,1,3,19,8.5,1.16,14.54,7.48,1.13,8,12,3,6,19,10,2,6,3,1,0,0,,
19/11/2024,Colombia,Ecuador,0,1,1.75,3.5,6.5,1.69,3.35,5.63,,,,,,,,,,,,,,
19/11/2024,Indonesia,Saudi Arabia,2,0,4.6,3.4,1.91,4.18,3.15,1.87,13,25,6,3,16,4,4,12,5,3,1,0,,
19/11/2024,Kuwait,Jordan,1,1,6.25,3.7,1.7,5.52,3.43,1.62,10,11,5,4,4,11,3,11,1,1,0,0,,
19/11/2024,Kyrgyzstan,Iran,2,3,15,6,1.22,12.35,5.63,1.2,8,14,3,5,8,13,3,3,2,1,0,0,,
19/11/2024,North Korea,Uzbekistan,0,1,5.25,3.6,2,4.39,3.34,1.78,17,17,2,2,9,9,3,3,1,1,0,1,,
19/11/2024,Oman,Iraq,0,1,3.2,2.8,3.1,2.72,2.69,2.84,9,5,3,3,10,28,4,3,1,3,0,0,,
19/11/2024,Palestine,South Korea,1,1,12,5.5,1.29,10.58,5.22,1.25,6,17,2,5,17,6,2,8,4,0,0,0,,
19/11/2024,United Arab Emirates,Qatar,5,0,2.65,3.3,2.75,2.53,3.16,2.65,10,10,7,0,24,20,0,2,4,3,0,0,,
18/11/2024,Samoa,New Zealand,0,8,101,67,1.01,68.38,43.25,1,,,,,,,,,,,,,,
18/11/2024,Tahiti,Vanuatu,2,0,1.6,4.2,5.75,1.55,4.01,4.69,,,,,,,,,,,,,,
17/11/2024,Fiji,New Caledonia,1,1,2.5,3.1,2.75,2.42,3.04,2.73,,,,,,,,,,,,,,
17/11/2024,Papua New Guinea,Solomon Islands,1,2,2.15,3.6,3.1,2.07,3.51,2.98,,,,,,,,,,,,,,
16/11/2024,Peru,Chile,0,0,2.33,2.85,4.2,2.21,2.73,4.01,,,,,,,,,,,,,,
16/11/2024,Uruguay,Colombia,3,2,2.25,3.15,3.6,2.21,3.03,3.5,,,,,,,,,,,,,,
15/11/2024,Ecuador,Bolivia,4,0,1.2,8,17,1.17,6.86,16.25,,,,,,,,,,,,,,
15/11/2024,Indonesia,Japan,0,4,13,6.25,1.25,11.12,5.74,1.21,9,13,3,8,9,6,4,6,0,1,0,0,,
15/11/2024,New Zealand,Vanuatu,8,1,1.02,25,51,1.01,18.2,35.6,,,,,,,,,,,,,,
15/11/2024,Samoa,Tahiti,0,3,12,6.5,1.18,10.72,6.36,1.17,,,,,,,,,,,,,,
14/11/2024,Australia,Saudi Arabia,0,0,2,3.15,4.33,1.93,3.05,4.09,14,4,2,1,11,9,3,3,2,2,0,0,,
14/11/2024,Bahrain,China,0,1,1.65,3.6,6,1.61,3.43,5.55,6,6,1,3,11,13,3,4,1,2,1,0,,
14/11/2024,Iraq,Jordan,0,0,2.25,3.1,3.9,2.13,2.88,3.6,10,9,2,4,11,16,3,5,2,2,0,0,,
14/11/2024,Kuwait,South Korea,1,3,15,6.5,1.21,12.58,5.92,1.19,4,14,1,5,11,11,0,4,2,1,0,0,,
14/11/2024,North Korea,Iran,2,3,11,4.75,1.35,9.48,4.49,1.31,17,17,4,11,12,7,3,2,2,1,0,1,,
14/11/2024,Oman,Palestine,1,0,1.9,3.1,5,1.82,2.99,4.74,11,13,5,5,10,17,3,8,1,0,0,0,,
14/11/2024,Papua New Guinea,Fiji,3,3,6.25,4.33,1.5,5.45,4.12,1.47,,,,,,,,,,,,,,
14/11/2024,Paraguay,Argentina,2,1,5.25,3.3,1.91,4.85,3.13,1.85,,,,,,,,,,,,,,
14/11/2024,Qatar,Uzbekistan,3,2,3,3.1,2.6,2.84,2.98,2.47,11,21,8,9,10,8,1,4,2,1,0,0,,
14/11/2024,Solomon Islands,New Caledonia,2,3,4.75,3.4,1.77,4.4,3.35,1.7,,,,,,,,,,,,,,
14/11/2024,United Arab Emirates,Kyrgyzstan,3,0,1.53,3.85,7,1.51,3.66,6.38,12,14,6,4,15,23,4,6,1,0,0,0,,
14/11/2024,Venezuela,Brazil,1,1,7.5,3.95,1.56,6.68,3.8,1.53,,,,,,,,,,,,,,
16/10/2024,Argentina,Bolivia,6,0,1.06,15,41,1.05,12.19,29.46,,,,,,,,,,,,,,
16/10/2024,Brazil,Peru,4,0,1.22,6.5,19,1.19,6.2,16.46,,,,,,,,,,,,,,
16/10/2024,Paraguay,Venezuela,2,1,1.81,3.4,5.5,1.79,3.23,5.02,,,,,,,,,,,,,,
16/10/2024,Uruguay,Ecuador,0,0,1.85,3.3,5.9,1.74,3.2,5.51,,,,,,,,,,,,,,
15/10/2024,China,Indonesia,2,1,2.5,3.25,2.95,2.38,3.16,2.83,5,14,3,6,11,8,1,6,1,2,0,0,,
15/10/2024,Colombia,Chile,4,0,1.36,4.9,11,1.33,4.63,10.06,,,,,,,,,,,,,,
15/10/2024,Iran,Qatar,4,1,1.8,3.75,5.4,1.67,3.56,4.74,18,11,8,1,13,3,3,6,3,0,0,0,,
15/10/2024,Japan,Australia,1,1,1.37,5,9,1.33,4.6,7.94,13,2,4,1,13,10,9,0,0,4,0,0,,
15/10/2024,Jordan,Oman,4,0,2,3.1,4.8,1.91,2.96,4.33,17,3,9,1,17,4,8,4,0,1,0,0,,
15/10/2024,Kyrgyzstan,North Korea,1,0,4,3.1,2.38,3.6,2.99,2.1,9,15,3,2,24,22,3,8,1,3,0,0,,
15/10/2024,Palestine,Kuwait,2,2,1.86,3.3,5,1.8,3.17,4.49,18,6,4,4,22,21,5,3,3,3,1,0,,
15/10/2024,Saudi Arabia,Bahrain,0,0,1.5,4.2,8,1.45,3.95,6.94,14,5,4,2,9,13,8,3,1,4,0,0,,
15/10/2024,South Korea,Iraq,3,2,1.52,3.8,8.5,1.46,3.66,7.33,7,8,3,2,7,7,1,4,3,2,0,0,,
15/10/2024,Uzbekistan,United Arab Emirates,1,0,1.53,4.1,7,1.48,3.91,6.25,26,12,4,5,9,7,4,1,1,1,0,1,,
12/10/2024,Peru,Uruguay,1,0,5,3.25,1.95,4.66,3.08,1.9,,,,,,,,,,,,,,
11/10/2024,Chile,Brazil,1,2,6.5,3.8,1.6,6.35,3.68,1.57,,,,,,,,,,,,,,
11/10/2024,New Zealand,Tahiti,3,0,1.03,21,67,1.02,16.2,46.7,,,,,,,,,,,,,,
10/10/2024,Australia,China,3,1,1.2,7.5,17,1.15,6.63,14.32,18,6,4,1,10,13,3,3,0,2,0,0,,
10/10/2024,Bahrain,Indonesia,2,2,2.3,3.2,3.7,2.19,3.08,3.23,23,5,5,5,10,30,7,1,2,3,0,0,,
10/10/2024,Bolivia,Colombia,1,0,3.4,3.2,2.4,3.23,3.06,2.33,,,,,,,,,,,,,,
10/10/2024,Ecuador,Paraguay,0,0,1.56,3.65,9,1.52,3.57,7.79,,,,,,,,,,,,,,
10/10/2024,Iraq,Palestine,1,0,1.48,4.2,8,1.44,3.97,6.93,6,4,2,1,17,12,7,2,2,3,0,0,,
10/10/2024,Jordan,South Korea,0,2,4.6,3.5,1.85,4.31,3.31,1.79,13,13,2,5,13,7,2,2,1,0,0,0,,
10/10/2024,New Caledonia,Papua New Guinea,3,1,1.75,3.72,4.55,1.68,3.46,4.39,,,,,,,,,,,,,,
10/10/2024,Oman,Kuwait,4,0,1.53,4.1,7,1.5,3.74,6.42,18,8,8,1,13,8,7,2,0,2,0,0,,
10/10/2024,Qatar,Kyrgyzstan,3,1,1.29,6,11.5,1.25,5.31,10.04,32,8,8,3,4,19,10,3,2,2,0,0,,
10/10/2024,Saudi Arabia,Japan,0,2,5.75,4,1.63,5.31,3.77,1.57,14,7,2,3,8,13,7,5,1,2,0,0,,
10/10/2024,Solomon Islands,Fiji,0,1,4.75,3.4,1.83,4.41,3.23,1.74,,,,,,,,,,,,,,
10/10/2024,United Arab Emirates,North Korea,1,1,1.57,4.33,7,1.51,3.78,6.08,8,19,1,7,14,16,5,5,2,1,0,0,,
10/10/2024,Uzbekistan,Iran,0,0,3.1,2.85,2.7,3.78,2.94,2.06,11,12,1,5,21,5,2,5,3,1,0,1,,
10/10/2024,Venezuela,Argentina,1,1,6.5,3.75,1.61,6.11,3.66,1.59,,,,,,,,,,,,,,
11/09/2024,Paraguay,Brazil,1,0,8,4,1.5,7.42,3.93,1.48,,,,,,,,,,,,,,
10/09/2024,Bahrain,Japan,0,5,11,5.5,1.3,10,5.16,1.26,3,15,1,10,8,11,1,4,1,0,0,0,,
10/09/2024,Chile,Bolivia,1,2,1.25,6.6,14.5,1.21,6.1,12.93,,,,,,,,,,,,,,
10/09/2024,China,Saudi Arabia,1,2,7,4,1.57,6.5,3.8,1.48,14,11,1,3,18,9,6,5,3,3,0,1,,
10/09/2024,Colombia,Argentina,2,1,2.9,2.95,2.95,2.82,2.83,2.79,,,,,,,,,,,,,,
10/09/2024,Ecuador,Peru,1,0,1.42,4.25,11,1.39,4.1,9.73,,,,,,,,,,,,,,
10/09/2024,Indonesia,Australia,0,0,5.4,3.75,1.7,4.95,3.53,1.65,5,19,2,5,13,8,3,15,1,3,0,0,,
10/09/2024,Kuwait,Iraq,0,0,4.5,3.55,1.9,4.32,3.29,1.79,7,10,2,2,15,7,0,4,0,1,0,1,,
10/09/2024,Kyrgyzstan,Uzbekistan,2,3,8,4,1.53,6.83,3.78,1.48,13,18,3,10,4,9,3,7,0,2,0,0,,
10/09/2024,North Korea,Qatar,2,2,6,3.6,1.67,5.68,3.45,1.6,11,19,5,6,14,16,5,6,3,2,1,0,,
10/09/2024,Oman,South Korea,1,3,7.5,4.1,1.53,6.44,3.8,1.49,8,16,1,8,16,12,3,11,5,2,0,0,,
10/09/2024,Palestine,Jordan,1,3,3.65,3.1,2.3,3.4,2.91,2.2,10,17,4,5,8,9,5,8,2,0,0,0,,
10/09/2024,United Arab Emirates,Iran,0,1,5.4,3.6,1.7,5.08,3.46,1.65,13,12,2,3,5,8,5,2,0,4,0,0,,
10/09/2024,Venezuela,Uruguay,0,0,3.35,3,2.5,3.26,2.91,2.41,,,,,,,,,,,,,,
07/09/2024,Brazil,Ecuador,1,0,1.38,4.8,11,1.35,4.58,9.47,,,,,,,,,,,,,,
07/09/2024,Peru,Colombia,1,1,5.75,3.2,1.85,5.34,3.05,1.82,,,,,,,,,,,,,,
07/09/2024,Uruguay,Paraguay,0,0,1.57,4,8,1.51,3.83,6.98,,,,,,,,,,,,,,
06/09/2024,Argentina,Chile,3,0,1.35,5.28,13,1.31,4.78,11,,,,,,,,,,,,,,
05/09/2024,Australia,Bahrain,0,1,1.22,6.25,17,1.19,5.81,13.71,11,4,4,2,13,18,4,3,3,2,1,0,,
05/09/2024,Bolivia,Venezuela,4,0,2,3.45,4.33,1.95,3.23,4.11,,,,,,,,,,,,,,
05/09/2024,Cook Islands,Tonga,1,3,1.4,4.5,6.5,1.38,4.3,6.5,,,,,,,,,,,,,,
05/09/2024,Iran,Kyrgyzstan,1,0,1.06,14.5,31,1.05,10.83,24.83,18,6,3,5,5,10,3,3,0,0,0,0,,
05/09/2024,Iraq,Oman,1,0,1.73,3.5,7,1.65,3.23,5.55,7,12,3,6,18,2,2,7,1,2,0,1,,
05/09/2024,Japan,China,7,0,1.1,12,26,1.07,9.31,22,18,1,10,0,21,10,5,2,0,3,0,0,,
05/09/2024,Jordan,Kuwait,1,1,1.35,5,10,1.32,4.49,9.04,18,5,3,2,21,10,6,0,1,1,0,0,,
05/09/2024,Qatar,United Arab Emirates,1,3,1.65,3.75,5.75,1.6,3.53,5.37,8,9,1,4,17,9,9,4,2,2,0,0,,
05/09/2024,Saudi Arabia,Indonesia,1,1,1.36,5.25,10,1.29,4.9,9,20,7,4,2,7,17,6,1,2,3,0,0,,
05/09/2024,South Korea,Palestine,0,0,1.1,10.5,31,1.07,9.08,21.33,16,10,5,3,13,7,4,1,1,5,0,0,,
05/09/2024,Uzbekistan,North Korea,1,0,1.4,4.35,10,1.35,4.13,9.06,13,8,4,4,13,15,6,1,0,0,0,0,,
12/06/2024,Dominican Republic,British Virgin Islands,4,0,1.03,26,71,1.01,15.46,41.46,,,,,,,,,,,,,,
12/06/2024,Puerto Rico,Anguilla,8,0,1.01,56,126,1.01,25.68,53.82,,,,,,,,,,,,,,
11/06/2024,Angola,Cameroon,1,1,3,2.8,3.1,2.71,2.67,2.88,13,16,5,4,13,14,4,4,1,0,0,0,,
11/06/2024,Australia,Palestine,5,0,1.25,6.5,13,1.2,5.83,11.88,10,11,6,2,11,9,4,2,3,1,0,0,,
11/06/2024,Cape Verde,Libya,1,0,1.73,3.55,6,1.67,3.34,5.33,14,4,5,2,12,14,10,5,2,3,0,0,,
11/06/2024,Chad,Comoros,0,2,5.5,3.5,1.73,5.17,3.3,1.69,4,12,0,6,13,10,3,4,1,1,0,0,,
11/06/2024,Congo,Morocco,0,6,26,7.25,1.2,16.46,6.54,1.15,3,20,1,11,12,13,4,3,4,0,0,0,,
11/06/2024,Gabon,Gambia,3,2,1.95,3.25,5,1.84,3.11,4.47,,,,,,,,,,,,,,
11/06/2024,Guyana,Belize,3,1,1.47,4.75,7,1.44,4.29,6.05,,,,,,,,,,,,,,
11/06/2024,Indonesia,Philippines,2,0,1.25,6.5,13,1.21,5.81,10.81,20,7,7,1,9,11,7,4,1,3,0,0,,
11/06/2024,Iran,Uzbekistan,0,0,1.73,3.7,6.4,1.66,3.42,5.28,12,7,1,1,7,9,4,2,1,1,0,0,,
11/06/2024,Iraq,Vietnam,3,1,1.4,5.5,8,1.36,4.65,7.04,13,7,9,4,16,11,3,2,1,1,0,0,,
11/06/2024,Japan,Syria,5,0,1.18,8,15,1.16,6.88,12.92,20,7,12,0,16,12,3,1,1,2,0,0,,
11/06/2024,Kenya,Ivory Coast,0,0,8,4.2,1.5,7.13,3.93,1.44,5,11,3,1,9,9,2,10,0,1,0,0,,
11/06/2024,Kuwait,Afghanistan,1,0,1.35,5.25,11,1.3,4.71,9.02,12,6,3,2,10,17,3,2,2,4,0,0,,
11/06/2024,Lebanon,Bangladesh,4,0,1.33,5.25,16,1.27,4.57,12.12,13,6,9,2,6,10,8,2,2,1,0,0,,
11/06/2024,Lesotho,Rwanda,0,1,3.2,2.75,2.8,3.03,2.68,2.61,12,9,2,2,16,15,3,1,2,2,0,0,,
11/06/2024,Madagascar,Mali,0,0,5.5,3.25,1.8,5,3.13,1.76,9,17,2,6,13,16,2,10,2,1,1,0,,
11/06/2024,Malaysia,Chinese Taipei,3,1,1.13,11,23,1.08,9.42,17.46,28,14,11,4,9,13,7,1,1,3,0,0,,
11/06/2024,Mauritius,Eswatini,2,1,3.5,2.88,2.4,3.35,2.75,2.34,11,12,5,4,11,11,1,6,2,2,0,0,,
11/06/2024,North Korea,Myanmar,4,1,1.06,16,36,1.04,12.27,26.69,,,,,,,,,,,,,,
11/06/2024,Oman,Kyrgyzstan,1,1,1.67,3.6,7,1.59,3.41,5.89,23,11,7,5,8,8,13,5,0,0,0,0,,
11/06/2024,Qatar,India,2,1,1.67,4.15,5.5,1.59,3.89,4.97,18,9,8,2,7,13,4,1,2,4,0,0,,
11/06/2024,Saint Kitts and Nevis,Bahamas,1,0,1.22,6.5,13,1.2,5.88,10.77,,,,,,,,,,,,,,
11/06/2024,Saint Lucia,Aruba,2,2,2.05,3.75,3.5,1.99,3.44,3.28,,,,,,,,,,,,,,
11/06/2024,Saudi Arabia,Jordan,1,2,1.91,3.5,4.6,1.84,3.31,4.08,17,10,6,4,15,12,7,3,3,3,0,0,,
11/06/2024,Seychelles,Burundi,1,3,41,15,1.07,24.31,11.69,1.05,8,14,4,8,17,12,3,8,2,0,0,0,,
11/06/2024,South Africa,Zimbabwe,3,1,1.46,4.2,7.5,1.44,4,6.89,25,7,7,4,8,8,12,2,1,0,0,0,,
11/06/2024,South Korea,China,1,0,1.25,6.5,12,1.21,5.84,10.54,11,3,6,1,12,10,10,1,1,4,0,0,,
11/06/2024,South Sudan,Sudan,0,3,3.9,2.9,2.25,3.57,2.78,2.21,15,12,8,8,17,9,7,3,1,1,0,0,,
11/06/2024,Tajikistan,Pakistan,3,0,1.04,21,56,1.02,14.92,35.69,22,6,6,2,9,8,9,0,1,2,0,0,,
11/06/2024,Thailand,Singapore,3,1,1.14,9.5,21,1.1,8.5,15.88,35,10,13,2,14,17,13,3,2,5,0,0,,
11/06/2024,Turkmenistan,Hong Kong,0,0,1.93,3.7,4.15,1.85,3.4,3.78,,,,,,,,,,,,,,
11/06/2024,United Arab Emirates,Bahrain,1,1,2.2,3.25,3.6,2.12,3.09,3.35,7,10,3,3,10,7,6,3,3,1,0,0,,
11/06/2024,Yemen,Nepal,2,2,1.36,4.8,11,1.31,4.53,8.67,17,5,9,3,8,12,6,3,1,4,0,0,,
11/06/2024,Zambia,Tanzania,0,1,1.67,3.55,6,1.62,3.39,5.63,17,5,4,1,16,17,6,1,2,5,0,0,,
10/06/2024,Benin,Nigeria,2,1,7.5,3.75,1.65,6.63,3.56,1.52,6,7,4,1,13,16,3,6,0,1,0,0,,
10/06/2024,Bermuda,Honduras,1,6,13,7.5,1.21,11.57,6.48,1.18,,,,,,,,,,,,,,
10/06/2024,Burkina Faso,Sierra Leone,2,2,1.57,3.75,7.5,1.51,3.54,6.95,16,7,5,3,18,14,6,1,2,1,0,0,,
10/06/2024,Equatorial Guinea,Malawi,1,0,1.71,3.5,7,1.65,3.27,5.63,21,1,4,1,14,17,3,1,1,3,0,0,,
10/06/2024,Ghana,Central Africa,4,3,1.3,5.05,13,1.27,4.8,11.23,12,8,6,5,14,12,0,2,2,4,0,0,,
10/06/2024,Guinea,Mozambique,0,1,1.8,3.6,5,1.73,3.35,4.72,12,11,6,5,15,11,6,5,0,2,0,0,,
10/06/2024,Guinea Bissau,Egypt,1,1,7,3.5,1.7,5.64,3.37,1.63,2,6,1,2,8,11,3,2,4,2,0,0,,
10/06/2024,Montserrat,Panama,1,3,67,17,1.05,33.46,13.81,1.03,,,,,,,,,,,,,,
10/06/2024,Somalia,Botswana,1,3,7,3.7,1.67,5.88,3.46,1.59,7,7,4,4,16,18,4,3,1,2,0,0,,
10/06/2024,Uganda,Algeria,1,2,4.5,3.2,1.95,4.19,3.06,1.91,7,6,4,3,17,11,6,1,4,3,0,0,,
09/06/2024,Aruba,Curacao,0,2,12,6.75,1.23,10.25,6.08,1.2,,,,,,,,,,,,,,
09/06/2024,Barbados,Haiti,1,3,41,13.5,1.06,28.71,11.57,1.04,,,,,,,,,,,,,,
09/06/2024,Belize,Nicaragua,0,4,9,4.75,1.37,8.16,4.44,1.34,,,,,,,,,,,,,,
09/06/2024,D.R. Congo,Togo,1,0,1.53,4,8,1.52,3.54,6.76,8,10,1,6,18,15,1,8,1,1,0,0,,
09/06/2024,Djibouti,Ethiopia,1,1,9,4.6,1.4,8.06,4.36,1.36,5,7,3,1,15,11,1,7,3,1,0,0,,
09/06/2024,Dominica,Jamaica,2,3,51,18.5,1.03,34.08,15.19,1.02,,,,,,,,,,,,,,
09/06/2024,Grenada,Costa Rica,0,3,26,11,1.11,18.14,8.68,1.09,,,,,,,,,,,,,,
09/06/2024,Mauritania,Senegal,0,1,11,5,1.4,9.48,4.53,1.32,10,5,5,5,16,15,1,2,4,1,0,0,,
09/06/2024,Namibia,Tunisia,0,0,6,3.1,1.85,5.56,3.01,1.74,5,4,2,0,13,16,5,6,2,0,0,0,,
09/06/2024,Saint Vincent and the Grenadines,El Salvador,1,3,12,7.25,1.27,10.18,6.19,1.2,,,,,,,,,,,,,,
09/06/2024,Sao Tome and Principe,Liberia,0,1,7.5,4.5,1.5,6.41,4.04,1.46,5,13,1,4,12,12,9,6,2,1,0,0,,
08/06/2024,Anguilla,Suriname,0,4,61,34,1.02,43,21.5,1.01,,,,,,,,,,,,,,
08/06/2024,Bahamas,Trinidad & Tobago,1,7,23,12,1.13,18.92,9.81,1.07,,,,,,,,,,,,,,
08/06/2024,British Virgin Islands,Guatemala,0,3,51,20,1.03,35.23,14.85,1.02,,,,,,,,,,,,,,
08/06/2024,Cameroon,Cape Verde,4,1,1.91,3.2,5.25,1.84,3.13,4.45,9,8,5,3,25,10,4,1,3,0,0,0,,
08/06/2024,Cayman Islands,Antigua and Barbuda,1,0,-,-,-,-,-,-,,,,,,,,,,,,,,
08/06/2024,Gambia,Seychelles,5,1,1.07,15,41,1.04,11.82,27.64,15,3,9,2,8,9,9,2,4,3,0,0,,
07/06/2024,Angola,Eswatini,1,0,1.33,5.25,13,1.28,4.76,10.71,2,9,1,1,18,14,4,4,2,1,0,0,,
07/06/2024,Costa Rica,Saint Kitts and Nevis,4,0,1.05,15.5,56,1.04,12.05,30.2,,,,,,,,,,,,,,
07/06/2024,El Salvador,Puerto Rico,0,0,1.55,4.2,5.75,1.51,4,5.3,,,,,,,,,,,,,,
07/06/2024,Honduras,Cuba,3,1,1.14,8.5,26,1.11,7.68,18.25,,,,,,,,,,,,,,
07/06/2024,Ivory Coast,Gabon,1,0,1.41,4.5,10,1.37,4.32,7.82,10,7,5,3,13,14,4,4,0,2,0,0,,
07/06/2024,Kenya,Burundi,1,1,2.05,3.2,4.2,1.97,3.06,3.94,12,4,6,2,17,22,7,2,1,2,0,0,,
07/06/2024,Madagascar,Comoros,2,1,3.5,3,2.5,3.21,2.79,2.4,7,12,3,3,10,7,3,3,3,2,0,0,,
07/06/2024,Morocco,Zambia,2,1,1.22,7,17,1.18,6.12,12.57,13,4,5,1,14,19,5,2,0,3,0,0,,
07/06/2024,Mozambique,Somalia,2,1,1.22,7,13,1.19,6.23,10.5,7,8,2,4,7,11,8,6,3,3,0,0,,
07/06/2024,Nigeria,South Africa,1,1,1.62,3.75,6.5,1.58,3.59,5.7,15,6,5,3,8,13,3,3,1,3,0,0,,
07/06/2024,Panama,Guyana,2,0,1.12,10,21,1.1,8.3,17.3,,,,,,,,,,,,,,
07/06/2024,Uganda,Botswana,1,0,2,3.2,5,1.9,3.03,4.39,9,4,3,0,10,16,7,3,2,2,0,0,,
07/06/2024,Zimbabwe,Lesotho,0,2,1.95,3,5.5,1.85,2.92,4.88,3,3,1,2,8,18,9,1,4,4,0,0,,
06/06/2024,Afghanistan,Qatar,0,0,9,5.5,1.36,7.53,5.23,1.31,2,10,0,2,15,7,2,9,4,4,0,0,,
06/06/2024,Algeria,Guinea,1,2,1.55,4,7,1.53,3.7,6.18,14,9,4,4,9,17,4,3,2,4,0,0,,
06/06/2024,Bahrain,Yemen,0,0,1.14,9,29,1.12,7.38,19,10,4,4,2,,,7,2,2,1,0,0,,
06/06/2024,Bangladesh,Australia,0,2,81,21,1.03,51.1,17.2,1.02,2,15,0,4,7,4,1,9,1,0,0,0,0.04,1.51
06/06/2024,Benin,Rwanda,1,0,2.3,3.2,3.65,2.2,2.88,3.52,10,10,4,2,17,17,5,4,2,1,0,0,,
06/06/2024,China,Thailand,1,1,1.91,3.6,4.75,1.8,3.38,4.16,10,16,4,6,11,22,5,8,2,3,0,0,2.13,1.11
06/06/2024,Chinese Taipei,Oman,0,3,21,9.5,1.14,16.55,7.63,1.12,6,33,0,8,12,9,4,3,2,1,0,0,,
06/06/2024,Curacao,Barbados,4,1,1.03,21,41,1.01,15.57,32.43,,,,,,,,,,,,,,
06/06/2024,Egypt,Burkina Faso,2,1,1.53,4.2,7.5,1.47,3.93,6.77,10,8,5,2,18,8,6,5,2,1,0,0,,
06/06/2024,Guatemala,Dominica,6,0,1.04,19,66,1.02,14.14,38.43,,,,,,,,,,,,,,
06/06/2024,Guinea Bissau,Ethiopia,0,0,1.5,3.8,8,1.48,3.65,7.34,1,4,1,1,6,4,4,5,1,2,0,0,,
06/06/2024,Haiti,Saint Lucia,2,1,1.13,8.5,26,1.1,7.73,17.5,,,,,,,,,,,,,,
06/06/2024,Hong Kong,Iran,2,4,26,10,1.1,20.5,9.3,1.08,5,15,4,7,10,15,4,5,1,1,0,0,,
06/06/2024,India,Kuwait,0,0,2.8,3.1,2.7,2.73,2.99,2.53,15,13,3,4,11,12,7,4,1,2,0,0,0.64,0.69
06/06/2024,Indonesia,Iraq,0,2,3.8,3.4,2.05,3.59,3.19,1.99,9,11,1,2,13,9,8,3,1,1,1,0,0.37,2.68
06/06/2024,Jamaica,Dominican Republic,1,0,1.2,7,15,1.17,6.28,12.75,,,,,,,,,,,,,,
06/06/2024,Jordan,Tajikistan,3,0,1.65,3.9,6,1.59,3.57,5.43,15,10,6,7,10,13,4,11,1,3,0,0,,
06/06/2024,Kyrgyzstan,Malaysia,1,1,1.85,3.7,4.5,1.78,3.51,4.05,12,9,6,4,18,8,3,4,1,1,0,0,,
06/06/2024,Libya,Mauritius,2,1,1.18,6.5,19,1.17,6.14,16.36,7,9,5,2,17,11,3,4,2,0,1,0,,
06/06/2024,Malawi,Sao Tome and Principe,3,1,1.22,6.5,19,1.19,5.68,14.68,11,5,4,3,16,15,4,2,0,0,0,0,,
06/06/2024,Mali,Ghana,1,2,2.1,3.2,4.33,2.01,3.04,3.92,13,11,3,4,12,14,6,4,0,1,0,0,,
06/06/2024,Mauritania,Sudan,0,2,1.7,3.5,6,1.64,3.35,5.59,10,5,0,2,10,13,4,2,0,2,0,0,,
06/06/2024,Myanmar,Japan,0,5,126,41,1.02,69.78,26.44,1.01,2,20,1,9,4,12,1,9,1,1,0,0,0.1,2.81
06/06/2024,Nepal,United Arab Emirates,0,4,61,23,1.05,39.6,14.65,1.03,3,15,0,7,5,9,2,6,1,0,0,0,,
06/06/2024,Nicaragua,Montserrat,4,1,1.13,9.5,23,1.1,7.96,17.71,,,,,,,,,,,,,,
06/06/2024,North Korea,Syria,1,0,2.8,3.2,2.8,2.65,2.97,2.64,,,,,,,,,,,,,,
06/06/2024,Pakistan,Saudi Arabia,0,3,61,21,1.03,41,16.6,1.02,2,19,0,8,3,5,0,7,2,0,0,0,,
06/06/2024,Palestine,Lebanon,0,0,1.95,3.2,4.5,1.92,3.02,4.12,16,13,3,2,17,16,9,5,3,7,0,0,,
06/06/2024,Senegal,D.R. Congo,1,1,1.5,4,9.5,1.44,3.74,7.95,10,8,5,2,11,8,2,6,2,1,0,0,,
06/06/2024,Singapore,South Korea,0,7,46,16,1.06,31.2,12.6,1.04,8,17,1,10,9,10,1,8,0,0,0,0,,
06/06/2024,Trinidad & Tobago,Grenada,2,2,1.27,6,11,1.23,5.58,9.6,,,,,,,,,,,,,,
06/06/2024,Uzbekistan,Turkmenistan,3,1,1.07,15,36,1.06,11.15,24.4,15,4,5,1,8,10,11,3,2,2,0,0,,
06/06/2024,Vietnam,Philippines,3,2,1.3,5.75,12,1.25,5.28,9.75,9,6,5,3,8,11,1,2,2,1,0,0,,
05/06/2024,Antigua and Barbuda,Bermuda,1,1,2.05,4.1,3.1,1.99,3.8,2.98,,,,,,,,,,,,,,
05/06/2024,Central Africa,Chad,1,0,1.65,3.7,6,1.62,3.47,5.45,4,13,1,3,22,17,7,3,0,0,0,0,,
05/06/2024,Namibia,Liberia,1,1,2.1,3.1,4.2,2.03,2.9,4.01,8,7,2,4,8,16,5,3,1,0,0,0,,
05/06/2024,Sierra Leone,Djibouti,2,1,1.29,5.5,15,1.24,5.08,12.55,9,10,3,3,17,14,3,1,0,0,0,0,,
05/06/2024,Suriname,Saint Vincent and the Grenadines,4,1,1.06,15,41,1.04,12.05,26.5,,,,,,,,,,,,,,
05/06/2024,Togo,South Sudan,1,1,1.44,4.6,12,1.34,4.27,9.77,11,4,2,1,10,13,13,3,1,1,0,0,,
05/06/2024,Tunisia,Equatorial Guinea,1,0,1.42,4.33,10,1.39,4.01,8.64,9,7,3,1,20,15,2,4,5,2,0,0,,
26/03/2024,Bahrain,Nepal,3,0,1.03,21,81,1.01,17,47.63,19,1,11,0,3,21,10,0,0,3,0,0,,
26/03/2024,Bangladesh,Palestine,0,1,19,7.5,1.17,14.75,6.57,1.15,10,20,4,8,18,13,3,8,4,4,0,1,,
26/03/2024,China,Singapore,4,1,1.18,8,15,1.15,6.82,13.3,15,7,5,3,10,18,10,1,2,1,1,0,3.46,0.65
26/03/2024,India,Afghanistan,1,2,1.55,4.33,7.5,1.47,3.99,6.3,11,14,2,5,15,13,5,4,5,2,0,0,,
26/03/2024,Jordan,Pakistan,7,0,1.02,21,76,1.01,17.79,51.57,20,2,8,0,9,7,9,1,1,1,0,0,,
26/03/2024,Kuwait,Qatar,1,2,6,3.75,1.62,5.61,3.61,1.57,16,13,3,6,11,12,3,8,2,2,0,0,0.98,1.57
26/03/2024,Kyrgyzstan,Chinese Taipei,5,1,1.11,10,26,1.09,7.98,21,17,8,7,3,9,16,8,8,0,1,0,0,,
26/03/2024,Lebanon,Australia,0,5,15,6.5,1.22,12.75,5.76,1.19,6,14,1,5,12,10,1,3,3,2,0,0,0.2,2.88
26/03/2024,Malaysia,Oman,0,2,3.9,3.3,2.1,3.58,3.04,2.04,8,17,4,9,5,4,5,6,1,3,0,0,,
26/03/2024,Philippines,Iraq,0,5,11.5,5,1.3,9.58,4.76,1.28,7,17,1,7,7,7,2,7,2,0,0,0,,
26/03/2024,Syria,Myanmar,7,0,1.1,11,29,1.06,9.67,22.06,24,1,11,0,5,11,9,0,0,5,0,1,,
26/03/2024,Tajikistan,Saudi Arabia,1,1,4.33,3.2,2,3.88,3.03,1.97,12,15,4,5,11,10,2,5,1,1,0,0,1.79,1.33
26/03/2024,Thailand,South Korea,0,3,8.5,5,1.4,7.3,4.58,1.36,5,9,2,4,13,14,5,2,2,1,0,0,0.24,2.09
26/03/2024,Turkmenistan,Iran,0,1,29,9.5,1.1,21.9,8.58,1.08,10,12,5,2,17,14,2,6,3,2,0,0,,
26/03/2024,Uzbekistan,Hong Kong,3,0,1.06,15,41,1.04,12.22,30.89,15,2,10,1,8,6,4,4,2,1,0,0,,
26/03/2024,Vietnam,Indonesia,0,3,2.15,3.1,3.9,2.09,2.91,3.68,11,7,2,4,6,16,10,3,2,6,0,0,,
26/03/2024,Yemen,United Arab Emirates,0,3,11.5,5.25,1.3,10.05,4.89,1.27,,,,,,,,,,,,,,
21/03/2024,Afghanistan,India,0,0,8,4.33,1.45,7.18,3.96,1.43,4,7,2,1,4,10,4,5,1,3,0,0,,
21/03/2024,Australia,Lebanon,2,0,1.14,9,21,1.11,7.64,16.77,10,6,6,3,14,4,9,1,2,0,0,0,,
21/03/2024,Chinese Taipei,Kyrgyzstan,0,2,9,4.5,1.4,8.09,4.28,1.36,8,8,2,4,10,11,3,4,1,2,0,1,,
21/03/2024,Hong Kong,Uzbekistan,0,2,15,6.25,1.25,12.5,5.82,1.2,5,18,2,6,7,11,5,10,0,0,0,0,,
21/03/2024,Indonesia,Vietnam,1,0,2.25,3.25,3.4,2.18,3.12,3.14,7,2,6,0,17,10,2,2,4,1,0,0,,
21/03/2024,Iran,Turkmenistan,5,0,1.05,17,51,1.03,13.59,32.09,,,,,,,,,,,,,,
21/03/2024,Iraq,Philippines,1,0,1.05,16,41,1.03,13.09,32.36,17,1,5,0,2,8,7,0,0,2,0,0,,
21/03/2024,Japan,North Korea,1,0,1.07,14,31,1.05,12.09,23.73,13,3,5,2,9,10,9,3,1,3,0,0,1.11,0.17
21/03/2024,Myanmar,Syria,1,1,26,13,1.11,19.23,10.91,1.06,6,15,1,3,13,10,2,9,3,1,0,0,,
21/03/2024,Nepal,Bahrain,0,5,67,19,1.04,43.2,14.55,1.02,1,16,0,9,6,9,1,4,1,2,0,0,,
21/03/2024,Oman,Malaysia,2,0,1.57,4,6.5,1.54,3.79,5.54,14,7,5,1,17,9,13,5,2,3,0,0,,
21/03/2024,Pakistan,Jordan,0,3,36,15,1.06,26.55,11.73,1.04,7,23,2,8,8,4,1,10,3,1,0,0,,
21/03/2024,Palestine,Bangladesh,5,0,1.15,8.75,29,1.11,7.39,19.27,,,,,,,,,,,,,,
21/03/2024,Qatar,Kuwait,3,0,1.3,5.5,11.5,1.26,5.1,9.93,16,5,7,2,13,13,5,1,0,3,0,0,1.67,0.32
21/03/2024,Saudi Arabia,Tajikistan,1,0,1.33,5,10,1.31,4.64,8.68,9,11,5,3,15,9,4,5,2,1,0,0,1.08,0.77
21/03/2024,Singapore,China,2,2,11,5.25,1.33,8.8,4.91,1.29,15,11,6,4,20,19,1,4,6,1,0,0,0.5,1.73
21/03/2024,South Korea,Thailand,1,1,1.15,8.5,20,1.12,7.7,15.55,25,6,8,2,7,8,13,4,0,1,0,0,2.47,1.25
21/03/2024,United Arab Emirates,Yemen,2,1,1.15,9,23,1.11,7.7,18.82,16,8,4,1,16,10,15,4,5,4,0,0,,
22/11/2023,Brazil,Argentina,0,1,2.5,3.13,3.2,2.46,3.05,3,,,,,,,,,,,,,,
22/11/2023,Peru,Venezuela,1,1,2.63,2.9,3.3,2.54,2.86,3.09,,,,,,,,,,,,,,
21/11/2023,Afghanistan,Kuwait,0,4,71,15,1.05,41.71,12.14,1.04,1,22,0,13,13,6,1,11,1,0,0,0,,
21/11/2023,Bahrain,United Arab Emirates,0,2,2.8,2.88,2.88,2.66,2.79,2.77,16,9,2,3,13,14,9,0,3,2,0,0,,
21/11/2023,Bangladesh,Lebanon,1,1,12,4.75,1.33,10.63,4.47,1.3,6,12,4,6,11,7,3,8,3,1,0,0,,
21/11/2023,Botswana,Guinea,1,0,4.5,3.25,1.91,4.24,3.14,1.87,5,6,2,2,14,17,3,4,4,1,0,0,,
21/11/2023,China,South Korea,0,3,13,6.5,1.22,12.13,5.91,1.2,5,18,0,8,19,14,0,4,4,1,0,0,0.14,1.7
21/11/2023,Chinese Taipei,Malaysia,0,1,8,4.8,1.4,7.16,4.51,1.38,2,21,1,8,12,13,2,9,2,1,0,0,,
21/11/2023,Comoros,Ghana,1,0,3.9,3.2,2.05,3.73,3.04,2.03,7,13,3,1,15,10,3,4,1,0,0,0,,
21/11/2023,Ecuador,Chile,1,0,1.62,3.75,6.5,1.59,3.6,6.13,,,,,,,,,,,,,,
21/11/2023,Eswatini,Cape Verde,0,2,5,3.2,1.91,4.58,3.11,1.83,10,10,5,7,12,7,4,5,4,1,0,0,,
21/11/2023,Ethiopia,Burkina Faso,0,3,5.5,3.5,1.73,5.28,3.33,1.68,13,14,1,7,21,14,3,4,2,2,0,0,,
21/11/2023,Hong Kong,Turkmenistan,2,2,2.4,3.3,3.13,2.31,3.09,2.96,18,12,7,6,9,23,9,1,2,2,0,0,,
21/11/2023,India,Qatar,0,3,5.25,3.75,1.7,4.87,3.62,1.64,5,20,0,7,14,7,3,11,1,0,0,0,0.5,2.46
21/11/2023,Jordan,Saudi Arabia,0,2,3.9,3.2,2.25,3.57,3.04,2.06,17,7,4,2,13,17,8,1,3,1,0,0,0.94,0.79
21/11/2023,Kyrgyzstan,Oman,1,0,3.6,3.2,2.2,3.37,3.02,2.16,,,,,,,,,,,,,,
21/11/2023,Lesotho,Benin,0,0,5.5,3.3,1.78,5.09,3.17,1.74,5,18,3,4,11,13,2,2,1,1,0,0,,
21/11/2023,Libya,Cameroon,1,1,6,3.6,1.7,5.46,3.43,1.64,8,10,2,3,11,21,1,0,2,3,0,0,,
21/11/2023,Malawi,Tunisia,0,1,6.5,3.6,1.62,5.99,3.44,1.59,8,13,3,7,14,8,2,2,3,1,0,0,,
21/11/2023,Mauritius,Angola,0,0,6,3.6,1.65,5.47,3.49,1.62,9,13,3,6,11,19,2,10,1,1,0,0,,
21/11/2023,Myanmar,North Korea,1,6,26,9,1.14,18.94,7.66,1.12,7,15,2,8,11,11,3,5,2,2,0,0,,
21/11/2023,Nepal,Yemen,0,2,3.75,2.9,2.38,3.46,2.8,2.23,,,,,,,,,,,,,,
21/11/2023,Niger,Zambia,2,1,5.5,3.8,1.62,5.38,3.66,1.59,12,4,3,1,10,17,0,6,4,3,0,0,,
21/11/2023,Pakistan,Tajikistan,1,6,9,4.75,1.4,8.25,4.44,1.35,4,14,2,11,7,8,1,9,1,3,0,0,,
21/11/2023,Palestine,Australia,0,1,21,7,1.18,16.38,6.28,1.16,19,17,3,5,15,16,6,4,1,1,0,0,0.55,0.66
21/11/2023,Paraguay,Colombia,0,1,3.5,3.1,2.38,3.32,3,2.3,,,,,,,,,,,,,,
21/11/2023,Philippines,Indonesia,1,1,4.2,3.6,1.91,4.02,3.36,1.81,10,10,5,4,10,9,2,5,3,2,0,0,,
21/11/2023,Rwanda,South Africa,2,0,3.6,3,2.4,3.26,2.83,2.33,7,5,4,2,11,13,2,6,2,0,0,0,,
21/11/2023,Sao Tome and Principe,Namibia,0,2,13,5.25,1.3,10.88,4.83,1.27,7,7,1,2,18,22,1,8,1,1,0,0,,
21/11/2023,Singapore,Thailand,1,3,9.5,5.25,1.33,8.5,4.94,1.3,7,18,4,10,14,18,0,10,1,2,0,0,0.63,1.02
21/11/2023,Somalia,Uganda,0,1,11,5,1.36,9.94,4.35,1.33,4,10,1,1,13,16,1,2,4,2,1,0,,
21/11/2023,South Sudan,Mauritania,0,0,4.8,3.75,1.8,4.66,3.37,1.74,8,13,2,4,12,13,1,3,1,0,0,0,,
21/11/2023,Syria,Japan,0,5,41,14.5,1.07,28,11.19,1.05,2,19,0,8,8,10,1,5,0,0,0,0,0.53,3.41
21/11/2023,Tanzania,Morocco,0,2,10,4.75,1.4,9.13,4.2,1.36,1,4,0,3,8,18,0,3,4,4,1,0,,
21/11/2023,Togo,Senegal,0,0,7,4,1.5,6.66,3.78,1.48,15,9,3,3,12,14,1,5,2,2,0,0,,
21/11/2023,Uruguay,Bolivia,3,0,1.13,9.5,26,1.11,8.69,20.94,,,,,,,,,,,,,,
21/11/2023,Uzbekistan,Iran,2,2,4,3.1,2.15,2.92,2.77,2.57,14,5,5,2,10,8,5,1,2,2,0,0,,
21/11/2023,Vietnam,Iraq,0,1,4.33,3.25,1.91,4.11,3.13,1.88,0,15,0,7,10,13,2,3,5,1,0,0,,
20/11/2023,Chad,Madagascar,0,3,6.5,3.8,1.6,5.97,3.55,1.56,4,11,0,6,15,14,0,7,1,2,0,0,,
20/11/2023,Djibouti,Guinea Bissau,0,1,15,7.5,1.22,12.63,6.16,1.19,15,13,5,5,20,15,6,3,2,3,0,1,,
20/11/2023,Gambia,Ivory Coast,0,2,9,4.5,1.44,7.91,4.3,1.37,2,11,1,5,6,11,2,5,1,2,0,0,,
20/11/2023,Mali,Central Africa,1,1,1.22,7,21,1.17,6.25,16.44,14,1,7,1,9,10,12,0,0,2,0,0,,
20/11/2023,Seychelles,Kenya,0,5,67,21,1.02,56.86,18.29,1.02,2,26,1,12,7,14,2,8,3,0,0,0,,
19/11/2023,Burundi,Gabon,1,2,3.5,3.25,2.25,3.28,3.14,2.14,19,12,7,9,17,16,5,4,2,4,0,0,,
19/11/2023,Mozambique,Algeria,0,2,7,4,1.57,6.34,3.68,1.53,13,9,7,4,11,14,9,3,1,2,0,0,,
19/11/2023,Sierra Leone,Egypt,0,2,17,5.25,1.29,14.31,4.89,1.24,12,12,7,6,4,12,4,7,4,1,2,0,,
19/11/2023,Sudan,D.R. Congo,1,0,6,3.75,1.65,5.63,3.49,1.61,7,7,2,3,12,7,1,11,1,1,0,0,,
19/11/2023,Zimbabwe,Nigeria,1,1,13,4.75,1.33,12.06,4.36,1.3,4,4,1,2,6,14,0,5,2,3,0,0,,
18/11/2023,Niger,Tanzania,0,1,3.6,3,2.3,3.41,2.86,2.26,6,5,2,3,19,20,5,2,4,6,0,0,,
18/11/2023,Senegal,South Sudan,4,0,1.05,15,61,1.04,13,43.78,25,6,10,1,9,6,5,0,0,2,0,0,,
18/11/2023,South Africa,Benin,2,1,1.62,3.8,6,1.59,3.54,5.77,4,4,3,1,7,19,5,2,1,1,0,0,,
17/11/2023,Argentina,Uruguay,0,2,1.6,3.85,7,1.57,3.67,6.42,,,,,,,,,,,,,,
17/11/2023,Burkina Faso,Guinea Bissau,1,1,2,3.1,5,1.93,2.94,4.38,14,8,4,3,13,11,7,3,2,3,0,0,,
17/11/2023,Cameroon,Mauritius,3,0,1.06,15,34,1.05,11.5,27.6,20,3,9,1,11,13,6,1,1,1,0,0,,
17/11/2023,Chile,Paraguay,0,0,1.75,3.5,5.75,1.7,3.37,5.51,,,,,,,,,,,,,,
17/11/2023,Colombia,Brazil,2,1,3.8,3.25,2.23,3.57,3.14,2.15,,,,,,,,,,,,,,
17/11/2023,Comoros,Central Africa,4,2,2.3,3.1,3.6,2.21,3.02,3.31,13,6,6,2,13,14,2,2,0,2,0,0,,
17/11/2023,Eswatini,Libya,0,1,4.75,3,2.05,4.19,2.86,2,10,3,2,2,5,4,11,1,0,1,0,0,,
17/11/2023,Ghana,Madagascar,1,0,1.26,5.5,15,1.24,5.09,13.17,17,11,8,4,5,12,6,7,1,2,0,0,,
17/11/2023,Guinea,Uganda,2,1,2.08,3.1,5,1.97,2.98,4.14,9,3,3,2,12,12,9,3,1,4,0,0,,
17/11/2023,Ivory Coast,Seychelles,9,0,1.01,41,81,1.01,26,55.17,39,0,22,0,3,4,14,1,0,2,0,0,,
17/11/2023,Liberia,Malawi,0,1,2.15,3.1,4.3,2,2.96,3.99,7,11,0,4,9,7,6,5,1,0,0,0,,
17/11/2023,Mali,Chad,3,1,1.06,15,61,1.04,13.25,40.9,10,3,6,2,12,16,9,2,1,2,0,0,,
17/11/2023,Tunisia,Sao Tome and Principe,4,0,1.02,29,126,1.01,21.7,64.5,14,3,8,1,20,12,4,3,2,3,0,0,,
17/11/2023,Zambia,Congo,4,2,1.5,4.2,10,1.43,3.93,7.89,17,19,8,8,8,9,4,2,0,0,0,0,,
16/11/2023,Algeria,Somalia,3,1,1.02,26,71,1.01,19.1,53.1,19,7,9,5,7,10,7,3,0,1,0,0,,
16/11/2023,Australia,Bangladesh,7,0,1.01,46,101,1.01,34.5,64.83,29,1,14,0,14,13,8,1,1,3,0,0,7.02,0.02
16/11/2023,Bolivia,Peru,2,0,2.28,3.1,3.75,2.24,2.98,3.55,,,,,,,,,,,,,,
16/11/2023,Botswana,Mozambique,2,3,2.38,3,3.6,2.28,2.86,3.39,18,11,9,5,17,12,3,3,3,1,0,0,,
16/11/2023,Burundi,Gambia,3,2,4.33,3.1,2.3,3.98,2.86,2.09,7,6,3,2,,,9,3,2,2,0,0,,
16/11/2023,Cape Verde,Angola,0,0,1.95,3.35,4.9,1.87,3.1,4.42,12,11,1,2,15,15,6,5,0,2,0,0,,
16/11/2023,Egypt,Djibouti,6,0,1.02,26,71,1.01,20,55.2,27,5,13,2,12,11,8,1,1,2,0,0,,
16/11/2023,Gabon,Kenya,2,1,1.91,3.2,5,1.87,3.08,4.51,11,8,3,2,4,17,6,0,3,3,0,0,,
16/11/2023,Iran,Hong Kong,4,0,1.02,29,91,1.01,21.29,59.43,17,4,8,0,5,7,7,1,1,2,0,0,,
16/11/2023,Iraq,Indonesia,5,1,1.35,5,10.5,1.32,4.57,9.31,7,2,5,1,8,6,6,3,0,2,0,0,,
16/11/2023,Japan,Myanmar,5,0,1.01,67,201,1,57.67,102,31,0,15,0,7,11,14,1,0,1,0,0,3.13,0
16/11/2023,Kuwait,India,0,1,1.7,3.5,5.75,1.66,3.32,5.28,6,7,3,3,11,10,2,3,3,0,1,0,,
16/11/2023,Lebanon,Palestine,0,0,3.2,2.88,2.6,3.03,2.76,2.49,6,9,2,3,12,14,2,5,2,0,0,0,,
16/11/2023,Malaysia,Kyrgyzstan,4,3,1.65,3.8,6,1.59,3.59,5.38,12,11,5,6,13,14,5,3,2,2,0,0,,
16/11/2023,Nigeria,Lesotho,1,1,1.11,10,41,1.09,8.88,28.2,14,3,8,2,5,10,13,2,1,3,0,0,,
16/11/2023,Oman,Chinese Taipei,3,0,1.06,15,46,1.05,12.38,33,17,3,10,0,11,10,9,4,1,3,0,0,,
16/11/2023,Philippines,Vietnam,0,2,5.75,3.75,1.62,5.5,3.5,1.6,7,9,0,4,9,11,4,2,2,3,0,0,,
16/11/2023,Qatar,Afghanistan,8,1,1.01,26,81,1.01,19.25,55.88,26,2,17,1,12,15,10,0,0,5,0,1,5.71,0.41
16/11/2023,Saudi Arabia,Pakistan,4,0,1.01,46,101,1.01,25.67,58.33,16,3,8,1,9,12,7,2,1,4,0,0,2.43,0.35
16/11/2023,South Korea,Singapore,5,0,1.01,67,101,1.01,35.67,70.33,17,2,8,1,16,7,8,0,1,3,0,0,,
16/11/2023,Sudan,Togo,1,1,3.6,3,2.3,3.4,2.93,2.23,9,9,5,5,27,24,7,14,2,1,0,0,,
16/11/2023,Syria,North Korea,1,0,2.05,3.2,4.2,1.97,3.01,3.89,7,14,2,7,10,9,1,7,3,1,0,0,,
16/11/2023,Tajikistan,Jordan,1,1,3.4,3.1,2.38,3.28,2.91,2.25,9,12,4,3,12,9,5,6,0,2,0,0,,
16/11/2023,Thailand,China,1,2,2.3,3.5,3.1,2.2,3.27,2.95,17,8,4,2,5,17,7,5,0,4,0,0,1,2.05
16/11/2023,Turkmenistan,Uzbekistan,1,3,8.5,4.33,1.46,7.34,3.95,1.43,9,14,2,5,12,10,1,10,2,1,0,0,,
16/11/2023,United Arab Emirates,Nepal,4,0,1.02,29,126,1.01,21.38,80.63,27,11,11,3,2,18,9,3,0,2,0,0,,
16/11/2023,Venezuela,Ecuador,0,0,2.8,2.9,3,2.7,2.84,2.88,,,,,,,,,,,,,,
16/11/2023,Yemen,Bahrain,0,2,21,5.25,1.25,16.33,4.79,1.23,4,17,1,7,9,5,2,8,1,1,0,0,,
15/11/2023,D.R. Congo,Mauritania,2,0,1.55,4,7.5,1.49,3.76,6.9,9,5,4,1,9,7,8,2,2,0,0,0,,
15/11/2023,Ethiopia,Sierra Leone,0,0,2.6,2.9,3.25,2.45,2.79,3.13,2,1,0,0,11,15,4,3,2,1,0,0,,
15/11/2023,Rwanda,Zimbabwe,0,0,2.3,3.1,3.8,2.11,2.92,3.72,7,5,2,1,,,4,7,1,1,0,0,,
18/10/2023,Ecuador,Colombia,0,0,2.1,3.1,4.33,2.04,3.04,4.06,,,,,,,,,,,,,,
18/10/2023,Peru,Argentina,0,2,12,4.75,1.4,10.34,4.38,1.36,,,,,,,,,,,,,,
18/10/2023,Uruguay,Brazil,2,0,4.33,3.5,1.91,4.15,3.41,1.89,,,,,,,,,,,,,,
17/10/2023,Bangladesh,Maldives,2,1,1.73,3.25,7.5,1.66,3.11,5.94,,,,,,,,,,,,,,
17/10/2023,Bhutan,Hong Kong,2,0,13,6,1.23,11.56,5.69,1.21,,,,,,,,,,,,,,
17/10/2023,Brunei,Indonesia,0,6,91,23,1.02,50.71,18.71,1.01,,,,,,,,,,,,,,
17/10/2023,Guam,Singapore,0,1,9,5.25,1.36,8.5,4.69,1.32,,,,,,,,,,,,,,
17/10/2023,Laos,Nepal,0,1,2.4,3,3.4,2.32,2.81,3.21,,,,,,,,,,,,,,
17/10/2023,Macau,Myanmar,0,0,18,7.5,1.22,13.13,6.69,1.17,,,,,,,,,,,,,,
17/10/2023,Mongolia,Afghanistan,0,1,4.2,3.1,2.15,3.9,2.88,2.05,,,,,,,,,,,,,,
17/10/2023,Pakistan,Cambodia,1,0,2.9,2.7,3.2,2.59,2.65,3.04,,,,,,,,,,,,,,
17/10/2023,Paraguay,Bolivia,1,0,1.34,6,12,1.3,5.25,9.94,,,,,,,,,,,,,,
17/10/2023,Sri Lanka,Yemen,1,1,4.75,3.3,1.85,4.36,3.16,1.8,,,,,,,,,,,,,,
17/10/2023,Timor-Leste,Chinese Taipei,0,3,31,9,1.12,22.19,8.06,1.11,,,,,,,,,,,,,,
17/10/2023,Venezuela,Chile,3,0,2.7,3.1,3,2.59,3,2.89,,,,,,,,,,,,,,
13/10/2023,Argentina,Paraguay,1,0,1.25,6.1,15,1.22,5.82,13.89,,,,,,,,,,,,,,
13/10/2023,Bolivia,Ecuador,1,2,6,3.6,1.7,5.29,3.49,1.69,,,,,,,,,,,,,,
13/10/2023,Brazil,Venezuela,1,1,1.09,12,51,1.07,10.72,32.89,,,,,,,,,,,,,,
13/10/2023,Chile,Peru,2,0,1.7,3.6,6,1.67,3.52,5.63,,,,,,,,,,,,,,
12/10/2023,Afghanistan,Mongolia,1,0,1.33,5,13,1.29,4.71,10.78,,,,,,,,,,,,,,
12/10/2023,Cambodia,Pakistan,0,0,1.55,4.1,7,1.5,3.86,6.31,,,,,,,,,,,,,,
12/10/2023,Chinese Taipei,Timor-Leste,4,0,1.13,10,29,1.11,8.44,20.13,,,,,,,,,,,,,,
12/10/2023,Colombia,Uruguay,2,2,2.16,3.25,3.8,2.11,3.17,3.62,,,,,,,,,,,,,,
12/10/2023,Hong Kong,Bhutan,4,0,1.02,31,76,1.01,21.13,52.63,,,,,,,,,,,,,,
12/10/2023,Indonesia,Brunei,6,0,1.01,41,76,1.01,33.5,58.5,,,,,,,,,,,,,,
12/10/2023,Maldives,Bangladesh,1,1,2.8,3,2.88,2.69,2.87,2.67,,,,,,,,,,,,,,
12/10/2023,Myanmar,Macau,5,1,1.05,15,111,1.04,12.88,55.75,,,,,,,,,,,,,,
12/10/2023,Nepal,Laos,1,1,1.5,4.2,7.5,1.46,3.97,6.43,,,,,,,,,,,,,,
12/10/2023,Singapore,Guam,2,1,1.08,12,41,1.06,10.56,29.5,,,,,,,,,,,,,,
12/10/2023,Yemen,Sri Lanka,3,0,1.29,5.5,17,1.23,5.25,13.94,,,,,,,,,,,,,,
13/09/2023,Chile,Colombia,0,0,3.4,3.13,2.38,3.3,3.01,2.33,,,,,,,,,,,,,,
13/09/2023,Peru,Brazil,0,1,15,6,1.25,12.81,5.53,1.24,,,,,,,,,,,,,,
12/09/2023,Bolivia,Argentina,0,3,5.75,3.75,1.7,5.53,3.57,1.66,,,,,,,,,,,,,,
12/09/2023,Ecuador,Uruguay,2,1,2,3.2,4.75,1.96,3.06,4.43,,,,,,,,,,,,,,
12/09/2023,Venezuela,Paraguay,1,0,2.45,3,3.4,2.36,2.97,3.27,,,,,,,,,,,,,,
09/09/2023,Brazil,Bolivia,5,1,1.06,17,56,1.05,14.06,35.56,,,,,,,,,,,,,,
09/09/2023,Uruguay,Chile,3,1,1.67,3.75,6.5,1.63,3.6,5.87,,,,,,,,,,,,,,
08/09/2023,Argentina,Ecuador,1,0,1.35,5,12,1.33,4.67,10.78,,,,,,,,,,,,,,
08/09/2023,Colombia,Venezuela,1,0,1.33,5.25,15,1.29,5,12.61,,,,,,,,,,,,,,
07/09/2023,Paraguay,Peru,0,0,1.85,3.5,5,1.83,3.29,4.69,,,,,,,,,,,,,,
